Nazwa Gminy; Liczba Hexagonów
Nagłowice;3;22;161;1127;7893
Sędziszów;4;31;207;1472;10255
Imielno;2;20;141;983;6879
Bieliny;4;17;130;878;6168
Mniów;2;19;135;947;6660
Końskie;7;52;358;2521;17622
Stąporków;8;48;334;2348;16406
Ożarów;6;37;260;1841;12892
Klimontów;3;21;144;1026;7167
Wilczyce;1;15;96;676;4753
Pińczów;5;42;306;2151;15030
Osiek;4;27;181;1268;8842
Waśniów;4;24;157;1109;7767
Złota;2;15;113;793;5551
Sandomierz;1;5;38;262;1893
Samborzec;4;17;119;843;5904
Giżycko;0;2;20;144;1010
Pasłęk;9;61;407;2833;19821
Kluczewsko;4;29;201;1394;9712
Iława;0;4;30;222;1529
Barczewo;8;66;482;3384;23702
Bisztynek;6;45;311;2186;15359
Grunwald;6;36;270;1913;13335
Ostróda;0;2;19;137;952
Olsztyn;3;18;131;919;6433
Pozezdrze;6;38;278;1940;13553
Lelkowo;6;44;306;2135;14913
Działdowo;0;1;15;118;828
Braniewo;10;76;518;3617;25313
Margonin;4;26;188;1313;9219
Drawsko;4;34;245;1710;12005
Połajewo;5;31;214;1505;10511
Włoszakowice;3;26;188;1308;9148
Rydzyna;5;28;195;1394;9771
Czajków;1;14;101;729;5109
Kaczory;7;33;234;1637;11426
Piła;3;22;154;1080;7582
Wysoka;4;26;189;1324;9259
Ujście;4;24;182;1312;9210
Kleszczewo;1;14;109;766;5361
Obrzycko;4;25;174;1205;8446
Swarzędz;4;21;149;1058;7412
Miejska Górka;4;22;156;1085;7608
Skoki;7;43;299;2072;14525
Krajenka;5;42;295;2054;14383
Wilczyn;2;18;125;880;6173
Sompolno;5;29;204;1427;9973
Dąbie;3;26;189;1341;9390
Stawiszyn;2;15;115;791;5539
Trzcinica;2;16;107;755;5291
Kłodawa;4;29;192;1320;9267
Kazimierz Biskupi;3;22;155;1091;7617
Zakrzewo;4;35;241;1684;11798
Zduny;3;18;126;872;6068
Kłobuck;3;26;188;1309;9169
Koźmin Wielkopolski;5;32;225;1581;11079
Wielowieś;4;23;166;1154;8093
Kuźnia Raciborska;3;25;180;1260;8798
Kornowac;1;6;35;248;1741
Żarki;2;19;146;1001;7030
Włodowice;2;15;109;767;5371
Żarnowiec;3;25;173;1223;8570
Miedzna;4;24;172;1203;8420
Korytnica;6;36;264;1870;13046
Racławice;1;12;85;596;4169
Pcim;3;19;124;868;6076
Janikowo;4;20;138;956;6693
Rymań;3;30;228;1598;11232
Biesiekierz;3;25;184;1284;8972
Janowiec;2;15;111;766;5350
Końskowola;3;19;131;904;6360
Puławy;5;36;236;1663;11600
Liniewo;5;24;170;1191;8304
Zapolice;3;19;119;827;5804
Galewice;3;28;196;1380;9656
Skołyszyn;2;15;106;768;5384
Wojaszówka;2;16;119;821;5754
Wojcieszów;1;5;46;328;2291
Złotoryja;1;3;15;109;770
Kruszwica;6;55;393;2754;19285
Pakość;2;18;128;906;6337
Rojewo;4;25;174;1242;8695
Bobrowniki;4;21;142;984;6899
Boleszkowice;4;27;196;1377;9675
Nowogródek Pomorski;5;31;225;1561;10911
Ulan-Majorat;3;23;159;1099;7719
Nowodwór;2;14;109;761;5350
Stężyca;3;22;165;1159;8125
Świdnik;1;4;27;187;1306
Głowno;0;4;28;199;1374
Głowno;2;19;152;1061;7449
Rogów;1;13;96;681;4764
Garwolin;0;4;33;230;1618
Borowie;2;18;118;821;5762
Żelechów;3;18;130;909;6383
Horyniec-Zdrój;6;41;286;1993;13928
Wąsosz;7;42;293;2045;14337
Lipiany;3;23;146;1027;7176
Kozielice;5;20;141;978;6869
Darłowo;9;58;426;2969;20789
Tomaszów Lubelski;0;2;19;123;857
Rachanie;2;19;132;934;6543
Potęgowo;7;51;358;2527;17720
Główczyce;8;69;499;3521;24618
Kobylnica;7;53;375;2663;18624
Huszlew;3;27;176;1221;8540
Łosice;4;26;178;1241;8693
Goszczyn;2;11;80;576;4007
Błędów;5;29;195;1386;9719
Czarna;3;18;108;757;5324
Wolbrom;4;28;208;1445;10109
Sucha Beskidzka;0;6;41;278;1949
Wądroże Wielkie;4;18;131;902;6318
Wielgie;5;28;197;1394;9788
Tłuchowo;4;19;147;1044;7301
Jeziora Wielkie;4;25;185;1293;9036
Radziejów;0;1;7;49;364
Chociwel;5;38;252;1756;12315
Ińsko;6;34;233;1617;11362
Urszulin;4;37;250;1744;12232
Radecznica;3;22;158;1095;7614
Starogard Gdański;9;56;382;2670;18675
Zblewo;4;30;214;1500;10493
Tczew;7;40;262;1835;12808
Szelków;4;23;165;1159;8115
Mińsk Mazowiecki;0;2;20;135;932
Stanisławów;3;23;159;1110;7772
Sulejówek;0;4;26;184;1304
Gniewoszów;2;16;118;826;5807
Łańcut;3;20;149;1039;7259
Rzepiennik Strzyżewski;3;16;100;705;4912
Kłodzko;9;61;439;3057;21448
Tuczno;8;56;383;2695;18834
Chełm;0;8;52;354;2447
Zamość;1;5;41;279;1942
Brody;7;52;359;2524;17689
Linia;4;28;189;1317;9234
Mława;1;7;47;360;2549
Harasiuki;5;37;251;1750;12233
Wojnicz;2;16;109;786;5501
Ruja;3;14;105;743;5183
Więcbork;8;53;356;2494;17455
Drzycim;4;22;162;1153;8080
Dobra;5;26;176;1234;8634
Radowo Małe;5;39;274;1919;13446
Terespol;1;2;14;111;793
Lipinki Łużyckie;3;18;129;895;6260
Zakroczym;3;15;104;735;5147
Czerwin;5;36;257;1800;12589
Krzywcza;2;19;137;941;6556
Tomice;1;7;59;411;2868
Lwówek Śląski;7;50;348;2426;16964
Warlubie;6;42;305;2148;15080
Gostycyn;5;30;207;1443;10102
Biała Podlaska;13;89;621;4348;30493
Wisznice;3;35;248;1766;12347
Sławatycze;3;17;106;745;5189
Piszczac;5;34;250;1760;12306
Rossosz;2;17;114;786;5514
Buczek;3;20;134;937;6545
Zaręby Kościelne;3;20;136;931;6503
Józefów;0;3;32;240;1695
Celestynów;2;18;127;898;6298
Kuczbork-Osada;3;26;186;1289;9012
Puszcza Mariańska;5;29;214;1483;10317
Choroszcz;5;33;245;1706;11963
Tuchola;9;51;365;2567;17952
Chodecz;3;25;185;1279;8909
Goraj;2;13;94;645;4544
Turobin;4;33;231;1628;11367
Santok;5;38;256;1798;12571
Gubin;12;79;572;3985;27875
Gubin;0;5;25;177;1230
Bytnica;6;43;311;2174;15223
Witonia;3;14;91;614;4307
Lesznowola;2;16;101;721;5035
Bodzanów;4;30;202;1413;9916
Chmielnik;1;12;75;529;3687
Trzebownisko;3;16;121;881;6169
Łapy;5;29;193;1338;9315
Poświętne;3;23;169;1183;8268
Lubraniec;3;32;224;1553;10899
Częstochowa;5;35;232;1599;11214
Międzyrzecz;10;68;473;3298;23097
Bytom Odrzański;2;10;78;537;3761
Ośno Lubuskie;4;40;295;2091;14622
Rzgów;2;16;98;688;4832
Paradyż;2;17;115;826;5785
Opoczno;6;37;272;1915;13369
Sławno;3;25;189;1317;9223
Załuski;3;24;167;1151;8043
Gogolin;3;21;142;1021;7135
Zdzieszowice;1;12;82;562;3917
Przemków;2;22;159;1086;7566
Borów;3;23;147;1005;7011
Jasienica;2;17;130;918;6427
Wilamowice;1;12;81;568;3953
Werbkowice;6;36;268;1856;13024
Dzwola;5;43;288;2012;14023
Fajsławice;2;14;102;707;4956
Słubice;4;40;274;1936;13559
Zwierzyn;3;22;154;1081;7568
Słońsk;5;35;240;1682;11764
Rząśnia;3;17;127;863;6075
Pruszków;1;5;25;190;1333
Wiśniowa;2;16;115;794;5549
Hajnówka;11;70;500;3479;24347
Jaworzyna Śląska;1;12;95;677;4765
Dębowiec;1;9;58;413;2889
Annopol;5;29;209;1486;10422
Gorzków;3;21;139;971;6790
Rudnik;2;17;125;893;6268
Skąpe;6;41;272;1913;13367
Łagów;5;43;297;2077;14557
Bojadła;3;25;157;1089;7647
Babimost;2;18;133;946;6618
Czarnocin;3;16;106;741;5156
Moszczenica;3;25;159;1131;7921
Rozprza;5;34;240;1668;11690
Poddębice;7;46;331;2310;16154
Borkowice;1;18;123;854;6038
Klwów;3;17;121;855;6031
Rusinów;3;17;117;836;5841
Dobrodzień;6;33;229;1624;11375
Iwkowa;2;10;64;445;3137
Mońki;6;35;243;1728;12066
Boguszów-Gorce;1;4;36;264;1837
Kamienica Polska;1;11;68;481;3352
Michów;4;27;193;1361;9535
Ostrówek;2;18;132;916;6380
Czerwieńsk;7;40;290;2039;14260
Gomunice;2;15;90;631;4440
Lgota Wielka;2;14;92;641;4483
Radomsko;0;0;0;0;0
Jastrzębia;2;19;129;896;6299
Ozimek;4;27;182;1270;8913
Babice;1;11;76;529;3705
Mędrzechów;2;8;61;429;3029
Perlejewo;4;23;157;1109;7759
Wołów;9;71;481;3368;23554
Długołęka;7;47;305;2167;15181
Krzęcin;5;29;209;1466;10295
Czarna Dąbrówka;10;69;467;3262;22792
Brąszewice;3;21;156;1085;7603
Wolanów;1;18;123;843;5906
Mordy;4;35;247;1754;12348
Siedlce;7;43;300;2058;14331
Leśnica;3;19;137;933;6590
Ujazd;2;17;114;815;5701
Zawadzkie;2;17;117;816;5741
Biecz;4;20;135;954;6695
Puńsk;5;32;218;1506;10624
Kuźnica;6;28;200;1412;9906
Sidra;6;38;266;1859;13001
Stoczek Łukowski;0;2;13;93;649
Debrzno;8;50;350;2413;16852
Głuchów;3;23;159;1132;7913
Zawidz;5;39;273;1912;13416
Sokołów Podlaski;0;3;25;165;1176
Skarbimierz;3;26;157;1109;7709
Jasienica Rosielna;1;13;80;545;3798
Czarna;4;38;262;1816;12716
Liszki;3;15;104;714;4985
Sokółka;9;68;474;3297;23092
Suwałki;8;59;407;2833;19796
Klukowo;3;25;182;1287;8986
Milanów;4;23;168;1188;8317
Inowłódz;2;19;134;958;6744
Lubochnia;4;26;190;1341;9377
Sterdyń;3;26;192;1359;9515
Sochaczew;1;5;42;277;1929
Iłów;5;28;194;1347;9423
Sochaczew;0;0;0;0;0
Teresin;2;19;127;894;6259
Jarosław;0;0;0;0;0
Limanowa;1;3;27;180;1266
Słopnice;1;11;84;561;3917
Dąbrowa Chełmińska;4;28;190;1322;9250
Solec Kujawski;5;38;262;1838;12893
Ciechocin;3;22;151;1072;7507
Radomin;2;18;122;833;5860
Świerzno;4;29;219;1513;10614
Chojna;10;72;509;3568;24935
Żychlin;2;16;111;796;5573
Bedlno;4;25;186;1288;9025
Bielawa;1;6;50;349;2453
Ryńsk;6;48;334;2307;16131
Rajcza;3;29;186;1282;8945
Godów;1;8;50;363;2527
Istebna;2;16;118;831;5817
Cisna;7;55;391;2752;19231
Lutowiska;13;94;655;4555;31911
Mrozy;5;29;211;1472;10309
Szczawnica;2;16;124;859;6029
Sękowa;6;42;273;1905;13346
Szczytna;5;27;186;1323;9267
Lewin Kłodzki;2;11;78;537;3738
Józefów nad Wisłą;4;31;205;1415;9872
Wiślica;4;24;142;1006;7059
Sanniki;2;21;140;989;6926
Jednorożec;6;48;343;2441;17143
Jasionówka;3;21;148;1028;7192
Tychy;2;17;119;837;5847
Nowe Miasto nad Wartą;5;27;176;1233;8626
Sopot;0;5;29;190;1361
Hel;0;4;34;247;1718
Krokowa;6;45;339;2380;16584
Rawa Mazowiecka;5;38;273;1935;13522
Zduńska Wola;4;24;165;1149;8026
Czerniewice;3;27;190;1313;9188
Mały Płock;4;28;212;1486;10423
Iława;11;100;715;4996;34926
Bartoszyce;15;100;684;4812;33720
Oleśnica;1;10;68;507;3532
Świerklaniec;1;7;63;451;3137
Busko-Zdrój;6;46;330;2317;16245
Chmielnik;4;28;201;1420;9939
Górno;3;17;119;843;5878
Iwaniska;3;21;149;1056;7400
Fałków;4;27;189;1326;9270
Skarżysko-Kamienna;2;14;93;654;4611
Michałów;4;23;160;1112;7798
Bodzechów;3;26;169;1192;8300
Rytwiany;4;27;181;1253;8808
Krasocin;4;40;276;1928;13479
Kielce;3;23;152;1059;7419
Młynary;6;35;249;1708;11920
Prostki;5;51;351;2449;17155
Kętrzyn;9;66;468;3257;22797
Reszel;7;40;284;1957;13672
Orneta;7;52;371;2599;18176
Olsztynek;13;85;565;3942;27638
Kiwity;5;31;224;1562;10948
Piecki;11;69;477;3337;23419
Kurzętnik;5;32;229;1599;11198
Ruciane-Nida;11;80;552;3821;26747
Biała Piska;12;91;644;4510;31524
Pisz;20;140;965;6759;47380
Miłakowo;4;35;249;1749;12214
Frombork;3;25;191;1348;9448
Górowo Iławeckie;0;1;4;20;143
Braniewo;0;3;17;119;833
Krzemieniewo;4;25;164;1160;8110
Chodzież;10;52;362;2507;17553
Rogoźno;7;48;322;2256;15824
Sieraków;5;44;308;2153;15041
Chrzypsko Wielkie;3;17;123;863;6052
Ostrów Wielkopolski;1;9;61;422;2946
Białośliwie;2;17;112;788;5557
Łobżenica;7;42;288;2025;14158
Mosina;6;37;253;1761;12378
Mieścisko;4;29;201;1409;9840
Wągrowiec;0;3;28;187;1310
Tuliszków;4;34;225;1580;11005
Jastrowie;12;79;540;3792;26524
Kołaczkowo;2;23;167;1187;8290
Kamieniec;3;27;198;1367;9545
Rychwał;6;26;174;1213;8484
Ślesin;5;32;217;1527;10670
Leszno;1;5;45;313;2203
Kłecko;3;26;194;1361;9501
Kościelec;3;22;153;1089;7631
Przedecz;2;15;111;798;5619
Koło;1;3;21;146;991
Olszówka;2;17;123;859;5994
Witkowo;5;38;275;1933;13541
Poniec;4;27;192;1353;9473
Krzepice;3;15;114;797;5587
Sulmierzyce;1;8;45;307;2135
Krzywiń;4;39;264;1841;12892
Popów;3;23;152;1048;7333
Pilchowice;0;0;0;0;0
Boronów;1;12;83;577;4045
Herby;3;16;116;854;5966
Czerwionka-Leszczyny;3;23;167;1130;7901
Imielin;1;6;41;281;1949
Lędziny;2;8;46;324;2285
Zawiercie;2;17;115;816;5714
Roźwienica;4;15;97;679;4721
Gołcza;4;19;131;899;6275
Inowrocław;7;36;254;1774;12339
Żyrzyn;4;28;190;1318;9212
Nałęczów;2;14;89;638;4475
Dziemiany;5;28;191;1349;9487
Kościerzyna;9;72;526;3715;25939
Stara Kiszewa;6;47;326;2282;16035
Lichnowy;3;20;136;963;6723
Sokolniki;2;15;116;812;5704
Lututów;2;17;112;782;5468
Tarnowiec;2;11;89;618;4304
Chorkówka;1;14;103;730;5139
Miejsce Piastowe;1;9;72;503;3549
Wiśniowa;2;12;96;663;4628
Grybów;0;3;23;159;1102
Łabowa;3;25;166;1155;8089
Grybów;6;31;216;1533;10718
Łagiewniki;2;24;181;1245;8719
Lipno;0;2;18;118;820
Piaski;5;36;247;1712;11975
Mełgiew;5;21;141;963;6749
Stegna;5;37;264;1855;12960
Ustka;0;3;17;112;771
Opinogóra Górna;4;29;205;1449;10170
Sońsk;5;32;228;1598;11201
Pilawa;2;16;110;781;5459
Cieszanów;5;46;309;2188;15375
Lubaczów;4;38;284;2011;14096
Wielkie Oczy;5;28;205;1425;9981
Podegrodzie;3;13;92;624;4408
Stary Sącz;3;18;138;983;6866
Kotla;4;26;191;1332;9325
Malechowo;8;47;351;2487;17368
Ulhówek;5;29;210;1459;10210
Markowa;2;13;100;681;4758
Ochotnica Dolna;3;29;195;1377;9668
Bukowno;1;11;89;632;4432
Przeciszów;2;7;44;340;2392
Koniusza;2;19;126;886;6217
Nowe Brzesko;2;11;79;546;3823
Bolków;5;35;227;1574;11013
Kobylanka;5;27;191;1326;9267
Stara Dąbrowa;3;23;170;1192;8352
Biała Podlaska;1;9;72;513;3585
Włodawa;0;4;26;174;1225
Wyryki;6;45;320;2248;15725
Pelplin;4;32;217;1513;10606
Sieciechów;2;12;88;610;4282
Głowaczów;5;39;272;1895;13272
Rakszawa;2;13;93;670;4667
Mielec;1;9;65;443;3110
Gawłuszowice;1;7;49;344;2411
Radomyśl Wielki;5;30;227;1595;11112
Chełmek;1;5;40;273;1885
Stryszawa;4;23;157;1105;7778
Gromnik;1;13;100;679;4770
Kłodzko;0;4;36;246;1707
Mrocza;4;34;231;1609;11258
Brzuze;3;19;128;935;6533
Grzmiąca;7;46;310;2188;15349
Szczebrzeszyn;4;27;170;1211;8467
Łęknica;0;4;23;167;1178
Legionowo;1;2;18;127;906
Sienno;4;30;212;1467;10256
Jeżowe;4;23;177;1246;8675
Jarocin;3;18;130;891;6246
Węgorzyno;7;54;393;2775;19420
Międzyrzec Podlaski;9;58;375;2634;18434
Rusiec;3;20;140;997;6979
Kutno;0;5;48;352;2458
Krośniewice;2;18;137;966;6760
Dąbrowice;1;10;68;472;3312
Olszewo-Borki;7;44;293;2056;14429
Troszyn;5;34;234;1632;11451
Ostrów Mazowiecka;1;5;34;237;1643
Lipsko;4;28;189;1304;9123
Jadów;3;24;172;1215;8535
Przemyśl;0;0;0;0;0
Orły;3;15;101;718;4971
Stubno;2;20;126;881;6150
Kalwaria Zebrzydowska;2;14;106;750;5245
Andrychów;3;21;145;986;6885
Mucharz;1;8;54;374;2610
Lanckorona;1;9;58;401;2796
Świekatowo;2;14;100;683;4812
Śliwice;4;37;269;1894;13260
Drelów;7;42;340;2365;16541
Janów Podlaski;4;27;195;1367;9610
Sosnówka;6;30;217;1514;10600
Tuczna;5;35;241;1684;11782
Zalesie;4;31;218;1516;10616
Gorzów Wielkopolski;3;18;133;921;6446
Małkinia Górna;5;27;195;1381;9698
Osieck;2;14;102;700;4930
Otwock;2;10;72;493;3462
Somianka;4;26;176;1231;8624
Siemiątkowo;3;22;170;1182;8293
Tryńcza;3;15;96;713;4987
Kraków;9;67;465;3244;22620
Malczyce;1;11;76;549;3866
Udanin;2;24;159;1124;7903
Milicz;12;93;647;4501;31525
Józefów;3;25;181;1267;8900
Tarnogród;4;23;165;1141;7946
Tereszpol;3;28;202;1401;9819
Maszewo;6;47;319;2222;15588
Brójce;2;12;97;692;4848
Radzanowo;4;21;157;1105;7675
Płock;2;18;127;897;6291
Lubenia;1;14;77;535;3765
Besko;0;5;36;257;1805
Turośń Kościelna;4;30;213;1509;10583
Kwidzyn;0;5;36;243;1696
Lubanie;0;0;0;0;0
Kowal;4;28;184;1276;8954
Lubień Kujawski;4;31;221;1572;10981
Rogowo;6;38;269;1893;13220
Katowice;4;33;232;1615;11315
Ruda-Huta;3;24;162;1119;7876
Dorohusk;6;39;275;1933;13545
Wierzbica;4;28;210;1470;10264
Nowe Miasteczko;2;16;119;821;5687
Drzewica;3;25;175;1216;8479
Mała Wieś;5;21;155;1106;7775
Łąck;4;19;141;981;6863
Wyszogród;2;19;145;1016;7090
Kędzierzyn-Koźle;3;24;174;1223;8557
Cisek;2;14;103;714;5022
Sanok;8;43;320;2251;15744
Zaleszany;3;18;124;870;6105
Wiązów;5;30;199;1409;9881
Bydgoszcz;7;38;267;1855;12994
Lisewo;3;19;135;944;6603
Unisław;2;16;112;772;5410
Będzin;1;7;53;376;2629
Hrubieszów;10;67;458;3232;22629
Trzeszczany;2;20;126;894;6268
Godziszów;4;21;139;1006;7048
Chrzanów;2;15;104;727;5088
Kraśniczyn;3;20;160;1107;7763
Krasnystaw;1;7;59;410;2905
Stare Kurowo;2;14;114;814;5673
Pabianice;1;7;49;325;2272
Strzelce Wielkie;2;18;112;787;5497
Siemkowice;3;19;145;1010;7065
Brwinów;0;0;0;0;0
Lesko;2;22;154;1083;7585
Czyże;4;30;210;1434;10044
Prusice;5;34;234;1637;11471
Brenna;2;19;136;949;6619
Kraśnik;0;0;0;0;0
Torzym;12;79;561;3963;27717
Potworów;2;16;119;846;5928
Obryte;3;31;210;1470;10279
Praszka;3;23;151;1047;7374
Radłów;3;23;167;1163;8135
Borzęcin;2;20;144;1024;7145
Gnojnik;1;10;77;532;3675
Zawonia;2;25;169;1211;8413
Wisznia Mała;4;21;149;1039;7291
Wałbrzych;2;18;128;885;6163
Olsztyn;4;23;157;1093;7676
Starcza;1;4;30;204;1421
Małomice;1;18;124;851;5938
Zadzim;4;31;211;1484;10390
Świercze;3;20;133;946;6645
Winnica;4;24;174;1195;8354
Przytyk;4;29;193;1346;9425
Jedlnia-Letnisko;3;11;92;646;4530
Turawa;5;36;246;1712;12031
Biała;5;40;281;1966;13795
Mielnik;6;41;292;2038;14288
Jordanów Śląski;3;12;81;567;3964
Bardo;1;14;101;708;4934
Drawno;11;69;489;3427;24034
Jabłonna;4;25;184;1294;9067
Strzyżewice;4;20;155;1096;7667
Niedrzwica Duża;3;24;152;1055;7396
Kołczygłowy;5;38;266;1838;12877
Regnów;1;11;71;474;3288
Błaszki;5;43;287;2037;14254
Brzeźnio;4;26;186;1292;9047
Skaryszew;6;37;245;1747;12230
Korczew;4;23;156;1111;7788
Sejny;8;48;347;2452;17129
Korycin;4;27;173;1227;8611
Bolesławiec;1;4;29;206;1457
Osiecznica;14;91;642;4504;31542
Nieszawa;0;1;13;104;714
Nowogard;12;76;529;3697;25967
Czaplinek;11;83;563;3925;27502
Milejów;2;24;168;1195;8359
Spiczyn;2;19;121;826;5780
Wojcieszków;3;22;161;1112;7792
Warta;7;54;374;2600;18200
Godzianów;1;9;64;434;3044
Słupia;2;10;65;431;3008
Sabnie;2;22;152;1081;7586
Michałowice;1;10;71;511;3569
Rutka-Tartak;4;22;164;1132;7896
Ciechanowiec;6;45;299;2087;14595
Ciechocinek;1;4;21;138;964
Zakrzewo;3;18;116;814;5684
Bobrowo;4;34;224;1573;10953
Górzno;5;27;187;1271;8897
Płoty;8;57;374;2616;18209
Wolin;11;71;505;3535;24744
Dębowa Kłoda;5;36;269;1887;13238
Pruszcz Gdański;0;4;26;179;1215
Budziszewice;0;7;42;306;2098
Rokiciny;3;18;134;927;6485
Tomaszów Mazowiecki;6;34;220;1501;10555
Mirów;2;12;76;530;3716
Błonie;3;18;125;873;6128
Dębica;4;27;193;1377;9612
Pruchnik;2;18;112;788;5506
Radymno;5;34;252;1773;12435
Kamienica;2;18;132;930;6489
Gryfino;9;58;391;2730;19093
Zbąszyń;6;40;271;1911;13361
Lasowice Wielkie;7;44;302;2129;14890
Żukowice;2;14;101;700;4864
Kamienna Góra;3;33;228;1614;11278
Mielno;2;16;99;682;4786
Morawica;3;29;196;1390;9653
Pietrowice Wielkie;2;12;96;657;4614
Goleszów;2;14;93;636;4477
Dukla;6;46;328;2285;15985
Kietrz;6;27;197;1390;9696
Zakopane;2;17;115;803;5642
Jabłonka;5;42;297;2088;14585
Piwniczna-Zdrój;5;25;175;1210;8453
Krynica-Zdrój;3;26;200;1399;9784
Urzędów;2;24;172;1178;8258
Zgorzelec;3;30;203;1416;9861
Zgorzelec;1;4;23;165;1167
Złoty Stok;3;16;105;749;5283
Świeradów-Zdrój;0;5;29;214;1517
Nowa Ruda;2;25;198;1401;9824
Podgórzyn;2;19;114;822;5778
Zielona Góra;8;58;414;2881;20130
Stepnica;9;64;451;3179;22281
Skierniewice;4;25;193;1335;9388
Myszyniec;7;48;344;2415;16867
Rybnik;4;31;207;1467;10262
Rawa Mazowiecka;0;2;15;121;861
Sędziszów Małopolski;4;29;214;1525;10672
Tyczyn;1;9;74;521;3649
Tarnowskie Góry;3;19;124;841;5881
Koszyce;2;12;94;649;4504
Lubowidz;5;42;292;2045;14304
Dobromierz;4;19;126;857;5994
Łódź;8;60;431;3011;21054
Cielądz;2;20;133;937;6558
Andrzejewo;4;24;177;1254;8751
Lubawa;10;60;413;2871;20110
Tarnowo Podgórne;3;21;152;1067;7465
Małogoszcz;4;30;214;1489;10410
Tuczępy;3;15;122;821;5767
Solec-Zdrój;1;17;121;843;5881
Opatów;4;21;158;1119;7852
Miedziana Góra;2;14;103;710;4963
Masłów;3;21;128;897;6310
Mirzec;5;22;160;1113;7818
Skarżysko Kościelne;0;9;81;568;3906
Suchedniów;2;14;102;733;5155
Bogoria;4;23;172;1182;8306
Działoszyce;3;20;145;1026;7159
Kruklanki;6;46;309;2172;15215
Rychliki;5;29;205;1431;10058
Milejewo;2;21;145;1029;7184
Ełk;1;4;29;187;1299
Biskupiec;7;53;371;2582;18078
Dywity;6;37;255;1754;12253
Węgorzewo;11;76;523;3636;25496
Pieniężno;7;56;379;2636;18477
Płoskinia;6;36;266;1875;13096
Lidzbark;8;53;381;2688;18816
Osieczna;3;26;189;1318;9233
Wijewo;2;16;96;641;4450
Szamocin;4;27;193;1354;9478
Krzyż Wielkopolski;5;38;263;1827;12789
Odolanów;5;26;197;1381;9691
Miedzichowo;7;41;314;2149;15089
Doruchów;3;21;148;1030;7187
Sośnie;6;39;274;1929;13542
Pleszew;5;37;261;1860;13011
Zaniemyśl;4;23;153;1084;7563
Dolsk;4;25;186;1291;9051
Dominowo;2;17;116;809;5648
Damasławek;4;22;154;1072;7496
Wapno;1;10;66;471;3290
Września;8;46;334;2326;16265
Siedlec;7;45;304;2131;14963
Przemęt;7;47;330;2324;16289
Rzgów;4;22;150;1086;7602
Koźminek;3;20;128;891;6256
Ceków-Kolonia;2;18;127;894;6284
Godziesze Wielkie;2;17;152;1067;7492
Lisków;2;14;112;784;5463
Gniezno;4;40;263;1848;12964
Grzegorzew;3;15;108;730;5126
Niechanowo;4;25;158;1110;7784
Grodzisk Wielkopolski;4;26;194;1388;9685
Miedźno;4;23;161;1123;7883
Przystajń;2;19;129;899;6314
Kochanowice;3;18;116;811;5706
Pyskowice;1;7;44;313;2174
Panki;1;10;79;549;3812
Goczałkowice-Zdrój;2;9;69;481;3370
Rydułtowy;0;2;19;146;1020
Mszana;1;6;44;297;2079
Radziechowy-Wieprz;2;14;89;639;4458
Ślemień;1;9;62;436;3052
Szczekociny;3;24;189;1336;9336
Kampinos;1;17;128;889;6267
Sadowne;2;30;215;1508;10504
Cmolas;3;28;190;1333;9341
Dobczyce;2;13;86;634;4460
Grudziądz;0;0;0;0;0
Świecie nad Osą;3;21;145;1011;7070
Gniewkowo;4;40;271;1911;13402
Manowo;6;43;291;2043;14333
Markuszów;1;8;55;388;2736
Wąwolnica;2;13;89;633;4432
Sulęczyno;4;28;199;1412;9891
Żukowo;5;35;251;1782;12478
Skomlin;2;10;82;552;3850
Wierzchlas;4;25;169;1185;8287
Łubnice;2;11;83;616;4303
Jedlicze;2;13;82;574;4007
Raciechowice;2;13;86;603;4225
Kamionka Wielka;2;14;91;624;4404
Łososina Dolna;2;18;120;841;5846
Pielgrzymka;3;21;152;1078;7519
Świerzawa;5;33;235;1622;11384
Złotoryja;6;34;242;1689;11880
Kikół;3;20;151;1042;7269
Dobra (Szczecińska);3;24;170;1216;8499
Wohyń;8;39;259;1812;12694
Ryki;5;32;230;1628;11394
Stare Pole;3;16;120;851;5941
Leżajsk;0;0;0;0;0
Kuryłówka;3;27;199;1379;9605
Nowa Sarzyna;4;27;199;1412;9879
Oleszyce;4;29;213;1485;10372
Niechlów;4;30;225;1578;11043
Sławno;1;4;22;160;1145
Bełżec;1;7;50;342;2403
Platerów;4;25;192;1329;9296
Młynarze;1;16;113;807;5656
Sypniewo;4;26;187;1312;9192
Gostynin;9;74;502;3507;24579
Milanówek;1;3;16;122;860
Podkowa Leśna;0;2;15;102;722
Łańcut;0;4;28;202;1408
Olkusz;4;32;216;1515;10576
Dobrzyń nad Wisłą;3;24;169;1189;8351
Lipno;5;49;350;2443;17085
Mogilno;6;54;380;2669;18677
Szczecinek;17;131;923;6457;45206
Skierbieszów;4;30;200;1401;9779
Kaliska;4;23;171;1196;8413
Subkowy;2;17;121;843;5911
Latowicz;3;24;168;1185;8263
Grójec;3;25;175;1250;8712
Żołynia;1;11;79;546;3843
Szubin;11;73;505;3508;24595
Wąpielsk;3;20;145;1018;7084
Połczyn-Zdrój;9;76;536;3704;25976
Stary Zamość;2;21;142;972;6829
Zwierzyniec;5;31;224;1557;10874
Żary;1;6;48;354;2483
Wiśniewo;3;21;152;1054;7352
Stupsk;3;25;175;1223;8587
Nasielsk;6;43;301;2117;14824
Serock;4;24;161;1121;7880
Solec nad Wisłą;3;27;190;1317;9218
Biały Dunajec;1;6;49;342;2378
Chojnów;6;50;354;2471;17243
Lubań;0;3;19;153;1095
Kamień Krajeński;5;34;246;1725;12051
Pruszcz;4;30;216;1518;10609
Żary;13;75;532;3761;26324
Sława;11;71;479;3370;23640
Kluki;5;26;168;1172;8233
Nowe Ostrowy;2;15;105;731;5139
Lelis;4;40;300;2074;14545
Boguty-Pianki;3;17;132;930;6483
Wadowice;3;23;157;1107;7762
Biskupice;2;10;57;399;2777
Lubomierz;4;26;189;1322;9227
Łysomice;5;25;188;1309;9149
Rokitno;6;29;204;1438;10019
Kutno;4;27;184;1252;8784
Wiązowna;2;22;148;1047;7294
Bieżuń;3;27;183;1293;9014
Krasne;1;8;57;379;2679
Cieszków;4;20;144;1028;7202
Krośnice;7;36;264;1833;12832
Bielsko-Biała;4;26;174;1208;8451
Biłgoraj;1;4;29;210;1500
Frampol;4;22;152;1077;7583
Księżpol;4;28;198;1409;9858
Rejowiec Fabryczny;0;1;16;123;863
Kłodawa;7;50;356;2499;17527
Świnice Warckie;2;17;133;934;6558
Domaniewice;4;18;128;876;6120
Łyszkowice;2;24;157;1093;7659
Nowosolna;2;10;77;544;3784
Prażmów;3;15;129;882;6206
Brudzeń Duży;4;35;241;1684;11776
Mszczonów;4;31;220;1552;10867
Dynów;2;24;162;1159;8095
Juchnowiec Kościelny;5;34;252;1769;12340
Sadlinki;5;24;170;1202;8427
Barcin;3;26;179;1274;8942
Buczkowice;0;4;29;198;1385
Skwierzyna;8;59;431;3018;21122
Siedlisko;3;22;134;947;6617
Słupno;1;16;107;752;5266
Joniec;2;17;106;742;5220
Płońsk;4;32;225;1576;10989
Pawłowiczki;4;30;216;1514;10634
Strzeleczki;4;23;162;1149;8053
Walce;1;13;98;687;4813
Sanok;1;7;51;359;2529
Bojanów;4;36;256;1789;12481
Frysztak;3;18;126;895;6261
Czudec;4;18;120;830;5810
Niebylec;3;20;142;1013;7093
Bielsk Podlaski;1;5;43;304;2129
Rudka;1;14;103;732;5118
Chełmno;1;3;19;135;945
Dołhobyczów;7;43;299;2111;14800
Krzeszyce;8;43;294;2069;14475
Dobroń;2;18;141;986;6912
Dłutów;2;19;145;1018;7161
Raszyn;1;7;64;431;3015
Chorzele;10;80;557;3887;27183
Łambinowice;3;23;174;1238;8680
Korfantów;6;37;254;1777;12415
Nysa;6;43;307;2156;15096
Skoroszyce;2;21;149;1034;7211
Świdnica;1;5;32;218;1529
Marcinowice;2;20;142;982;6913
Oborniki Śląskie;4;31;222;1556;10894
Skoczów;2;11;90;622;4349
Kraśnik;1;4;35;259;1801
Szastarka;2;13;104;719;5056
Żółkiewka;3;26;187;1298;9086
Przysucha;5;38;270;1869;13030
Gielniów;3;16;117;802;5613
Gzy;2;23;163;1138;7991
Olesno;7;49;342;2395;16757
Murów;4;31;231;1616;11314
Brzesko;2;21;144;999;7007
Bochnia;0;0;0;0;0
Przytuły;2;16;111;777;5419
Jedwabne;4;34;239;1660;11596
Jedlina-Zdrój;1;4;25;184;1286
Blachownia;2;12;91;640;4502
Janów;6;33;214;1493;10433
Lelów;5;24;173;1212;8535
Mykanów;4;29;200;1422;9924
Zakrzówek;3;24;144;1001;7016
Niedźwiada;3;20;141;974;6809
Kargowa;4;29;196;1347;9377
Dalików;3;23;164;1161;8119
Kowala;2;15;108;737;5135
Bolesław;0;6;49;351;2427
Jaświły;6;40;274;1887;13222
Kobierzyce;5;32;219;1519;10612
Recz;7;43;275;1928;13451
Studzienice;6;40;277;1933;13514
Przedbórz;5;38;271;1895;13298
Zakrzew;3;19;134;956;6717
Jemielnica;4;22;160;1133;7926
Grodków;9;59;419;2917;20412
Lewin Brzeski;5;32;233;1629;11444
Bobowa;2;10;69;486;3398
Iwanowice;2;14;97;685;4798
Krynki;5;34;249;1737;12162
Suchowola;8;54;384;2693;18888
Bolesławiec;11;68;482;3382;23714
Warta Bolesławiecka;4;23;158;1121;7820
Nowogrodziec;5;38;265;1827;12769
Raciążek;1;8;50;365;2561
Cyców;4;31;211;1492;10463
Serokomla;1;15;113;815;5687
Łuków;12;81;547;3870;27105
Klonowa;4;22;136;950;6624
Wróblew;3;26;162;1152;8059
Gozdowo;4;26;191;1338;9332
Bielany;2;23;159;1112;7787
Sokołów Podlaski;6;38;257;1788;12557
Nozdrzec;3;23;170;1171;8221
Jodłowa;1;12;86;590;4139
Dębica;0;7;50;334;2328
Igołomia-Wawrzeńczyce;2;13;84;604;4199
Jerzmanowice-Przeginia;2;14;93;654;4590
Wola Mysłowska;5;24;174;1206;8444
Nowa Wieś Lęborska;10;60;423;2970;20744
Będków;1;10;83;587;4087
Rzeczyca;3;22;158;1115;7813
Konopnica;2;17;119;831;5813
Orońsko;3;17;117;830;5836
Chlewiska;4;26;179;1252;8743
Pilzno;5;36;231;1621;11336
Laszki;4;28;193;1352;9469
Jodłownik;2;16;104;715;5007
Łukowica;1;13;94;674;4701
Nowe Piekuty;3;22;161;1122;7863
Rutki;7;42;298;2089;14618
Koronowo;12;90;631;4397;30777
Cedynia;4;39;277;1938;13566
Susz;9;57;401;2789;19511
Lwówek;4;37;273;1916;13401
Spytkowice;1;7;46;313;2200
Czarnków;9;76;531;3688;25828
Krzanowice;1;10;65;472;3315
Hażlach;1;11;69;470;3280
Wisła;5;23;156;1062;7462
Michałowo;12;86;609;4294;30057
Kościelisko;5;26;189;1317;9206
Krościenko nad Dunajcem;2;10;80;546;3863
Międzylesie;6;39;267;1862;13063
Lądek-Zdrój;4;23;166;1173;8168
Bystrzyca Kłodzka;8;68;480;3351;23460
Duszniki-Zdrój;1;5;30;222;1562
Szklarska Poręba;2;14;112;775;5424
Karpacz;1;7;58;401;2779
Otyń;4;20;142;994;6943
Łagów;3;23;160;1120;7848
Lubycza Królewska;7;44;293;2059;14401
Zamość;5;41;278;1951;13697
Knyszyn;4;27;194;1343;9387
Orzesze;2;14;119;826;5780
Bartoszyce;0;2;15;101;721
Szydłów;3;24;155;1073;7513
Pabianice;0;0;0;0;0
Dobrzeń Wielki;2;13;87;621;4297
Czarna Woda;1;7;44;305;2112
Poznań;9;59;392;2756;19310
Nowy Korczyn;5;23;162;1140;7958
Konin;3;17;133;880;6173
Sobków;5;30;213;1473;10300
Oksa;3;19;130;906;6338
Gnojno;3;19;135;963;6727
Skalbmierz;3;19;124;863;6034
Daleszyce;6;46;321;2242;15717
Raków;4;38;266;1875;13125
Strawczyn;3;18;123;854;5996
Ruda Maleniecka;3;23;162;1141;8001
Zagnańsk;4;25;178;1265;8831
Łoniów;4;19;120;863;6005
Obrazów;2;15;104;732;5127
Tarłów;5;30;238;1652;11565
Wąchock;2;15;119;816;5702
Wojciechowice;2;17;123;857;5948
Starachowice;1;7;45;316;2182
Bałtów;3;22;153;1083;7607
Stare Juchy;7;46;303;2122;14854
Radków;3;17;127;896;6223
Secemin;5;35;236;1638;11437
Korsze;7;55;388;2710;18975
Kętrzyn;0;2;19;121;837
Lubomino;6;33;233;1632;11428
Nowe Miasto Lubawskie;1;1;17;114;797
Jeziorany;6;46;331;2296;16016
Janowo;6;42;296;2079;14560
Sorkwity;5;39;283;1988;13918
Grodziczno;5;35;233;1637;11462
Łukta;6;40;282;1984;13891
Szczytno;13;79;554;3878;27164
Purda;9;73;491;3429;24043
Rybno;6;34;227;1601;11235
Płośnica;4;36;244;1706;11925
Działdowo;9;63;443;3119;21857
Chodzież;1;3;19;125;870
Kwilcz;4;35;217;1522;10658
Międzychód;11;67;458;3199;22432
Przygodzice;6;37;241;1664;11670
Raszków;3;27;198;1386;9727
Miasteczko Krajeńskie;2;16;108;733;5084
Gizałki;3;21;158;1119;7813
Wyrzysk;4;33;238;1679;11785
Pobiedziska;4;42;291;2021;14152
Pyzdry;6;31;205;1428;10011
Mieleszyn;5;21;145;1034;7280
Borek Wielkopolski;3;28;189;1322;9292
Brzeziny;6;28;185;1307;9146
Wierzbinek;5;30;222;1534;10774
Szczytniki;3;22;167;1150;8072
Baranów;3;15;110;761;5347
Pępowo;3;19;126;887;6212
Krobia;2;28;189;1327;9291
Piaski;4;20;151;1060;7403
Rychtal;1;20;140;972;6832
Osiek Mały;3;19;125;893;6239
Babiak;2;28;201;1415;9858
Golina;3;22;146;1024;7208
Rozdrażew;2;15;116;807;5663
Śmigiel;6;43;283;1994;13931
Racibórz;2;16;114;764;5362
Pawłowice;3;17;110;757;5324
Bojszowy;0;8;47;322;2248
Miasteczko Śląskie;2;15;93;668;4714
Irządze;1;15;100;698;4871
Gilowice;0;5;39;279;1973
Łochów;8;45;294;2045;14297
Stoczek;5;31;215;1508;10563
Raniżów;2;21;137;952;6697
Kozłów;3;17;124;844;5934
Siepraw;1;7;46;306;2156
Radzyń Chełmiński;3;19;136;962;6754
Gruta;3;26;189;1311;9175
Kołobrzeg;1;8;41;289;2029
Gościno;3;25;180;1259;8819
Kołobrzeg;6;31;223;1554;10919
Siemyśl;3;27;173;1179;8233
Będzino;6;37;259;1812;12676
Sosnowica;6;34;248;1740;12178
Baranów;2;18;123;876;6109
Stężyca;8;37;256;1761;12310
Nowa Karczma;4;25;179;1236;8617
Bolesławiec;1;14;93;646;4517
Ciechanów;3;31;209;1490;10373
Ciechanów;1;7;48;329;2308
Gródek nad Dunajcem;3;16;119;835;5890
Wrocław;9;65;431;2984;20900
Piława Górna;1;5;31;220;1520
Police;9;56;391;2707;18898
Radzyń Podlaski;1;4;26;183;1266
Miłoradz;2;21;146;1008;7054
Ostaszewo;3;14;99;659;4616
Sztutowo;3;24;174;1217;8524
Wieruszów;4;21;144;994;7009
Zgierz;2;7;56;400;2800
Ozorków;4;20;145;994;6960
Zgierz;6;41;288;2029;14218
Jeżów;2;14;92;644;4543
Maciejowice;4;36;252;1764;12303
Sobolew;3;21;142;992;6957
Przelewice;5;35;249;1749;12160
Dobrzany;4;29;205;1455;10148
Dębnica Kaszubska;11;69;470;3277;22889
Ustka;8;49;340;2398;16803
Bobowo;2;10;78;543;3828
Sarnaki;6;43;282;2009;14054
Klucze;4;25;171;1186;8327
Zator;2;12;76;509;3537
Jordanów;0;5;30;209;1468
Bystra-Sidzina;3;16;107;772;5394
Budzów;2;15;104;714;4997
Jeżów Sudecki;2;20;141;971;6813
Kamienna Góra;1;4;24;169;1180
Strzelno;7;42;280;1953;13732
Hanna;4;26;200;1396;9822
Włodawa;0;0;0;0;0
Sułów;4;18;136;915;6424
Halinów;3;12;94;651;4626
Kałuszyn;2;21;142;997;6982
Garbatka-Letnisko;2;16;106;751;5272
Przecław;4;29;189;1326;9289
Polanka Wielka;1;5;35;236;1648
Maków Podhalański;3;21;149;1060;7433
Zembrzyce;1;6;54;369;2567
Skrzyszów;2;17;122;854;5934
Sadki;5;32;229;1615;11316
Borne Sulinowo;15;105;741;5197;36343
Człopa;10;77;532;3717;26090
Lublin;5;32;215;1495;10528
Choczewo;6;43;292;2020;14148
Mikołajki Pomorskie;3;20;138;981;6862
Dzierzgoń;3;28;196;1412;9872
Sztum;7;39;278;1948;13632
Szreńsk;3;24;162;1138;7979
Przyłęk;3;28;187;1333;9321
Wieliszew;2;23;161;1109;7762
Chotcza;3;18;127;896;6261
Wadowice Górne;4;18;119;841;5916
Nisko;4;28;198;1395;9768
Rudnik nad Sanem;2;18;112;796;5600
Wierzchosławice;3;15;101;715;5017
Żabno;1;20;144;1006;6992
Olszyna;2;9;66;469;3308
Dragacz;4;24;173;1203;8444
Bukowiec;4;26;171;1194;8386
Nowe;3;23;162;1128;7869
Resko;9;65;446;3096;21657
Międzyrzec Podlaski;0;3;28;194;1387
Kodeń;5;31;221;1526;10674
Kleszczów;3;23;179;1275;8933
Zelów;5;33;244;1702;11938
Kadzidło;8;55;390;2754;19284
Zielonka;1;18;118;828;5789
Dubiecko;5;29;212;1491;10465
Medyka;1;12;80;582;4047
Jawornik Polski;1;13;87;598;4236
Sieniawa;4;25;186;1290;8990
Tarnów;2;15;101;696;4862
Chełmża;0;1;9;61;424
Cekcyn;8;56;391;2694;18871
Lubiewo;6;35;246;1753;12252
Daszyna;2;17;115;832;5802
Kołbiel;4;22;159;1098;7711
Sobienie-Jeziory;3;21;139;997;6973
Przeworsk;2;17;128;861;6002
Ostrów;3;20;135;946;6633
Wieliczka;3;18;139;958;6722
Bargłów Kościelny;5;41;283;1984;13916
Kostomłoty;6;32;211;1483;10372
Miękinia;5;37;262;1816;12723
Środa Śląska;6;46;316;2175;15218
Bierutów;5;30;213;1496;10458
Dziadowa Kłoda;3;21;155;1092;7635
Międzybórz;2;17;127;893;6217
Boniewo;2;16;114;799;5581
Biszcza;3;21;149;1038;7289
Obsza;4;24;163;1119;7837
Witnica;10;60;418;2941;20591
Chąśno;2;14;103;737;5185
Łowicz;0;0;0;0;0
Wiskitki;4;33;220;1552;10870
Radziejowice;3;16;108;765;5359
Hyżne;3;11;74;504;3518
Sokołów Małopolski;3;26;189;1344;9427
Kwidzyn;7;48;317;2192;15327
Jelcz-Laskowice;6;35;240;1681;11778
Janowiec Wielkopolski;3;28;197;1380;9670
Żnin;7;57;382;2658;18564
Gliwice;4;27;190;1338;9339
Siemianowice Śląskie;1;6;35;251;1764
Nowa Sól;1;5;26;198;1392
Białaczów;4;24;163;1145;8044
Nowy Duninów;6;31;214;1535;10718
Raciąż;10;59;387;2699;18912
Wilków;3;22;141;983;6916
Bukowsko;4;28;187;1312;9160
Zarszyn;2;20;149;1036;7237
Bielsk Podlaski;15;101;711;5037;35266
Polkowice;5;37;247;1725;12093
Radwanice;3;19;126;861;6067
Kondratowice;3;22;144;989;6949
Grudziądz;1;12;87;602;4197
Toruń;4;25;167;1178;8238
Kijewo Królewskie;2;15;106;747;5225
Tarnobrzeg;2;19;125;864;6047
Wojkowice;0;2;17;115;803
Czeladź;0;2;22;162;1134
Psary;2;9;66;462;3241
Sławków;1;7;55;361;2518
Dobiegniew;11;76;537;3732;26057
Drezdenko;13;88;601;4229;29622
Ksawerów;0;4;19;140;986
Pokój;4;29;194;1339;9360
Świerczów;3;20;155;1105;7754
Przemyśl;1;9;67;445;3101
Hajnówka;0;5;33;224;1561
Narew;7;51;358;2520;17693
Siennica Różana;2;21;138;992;6985
Wilkołaz;3;15;116;821;5731
Sulęcin;10;68;477;3333;23369
Wolbórz;4;30;220;1538;10782
Aleksandrów;4;32;217;1468;10269
Odrzywół;5;26;143;1000;7011
Wieniawa;3;20;151;1055;7366
Rudniki;3;22;144;1024;7141
Zębowice;2;19;140;986;6856
Dębno;3;17;115;809;5692
Szczurowa;5;27;190;1312;9233
Nowy Wiśnicz;3;19;121;823;5780
Łapanów;2;14;103;716;4996
Dąbrowa Zielona;3;20;141;1006;7040
Jeziorzany;4;13;91;642;4521
Firlej;3;26;180;1273;8961
Kamionka;3;24;167;1152;8071
Ostrów Lubelski;4;23;175;1234;8614
Serniki;2;19;112;775;5415
Nowogród Bobrzański;8;55;388;2701;18930
Wymiarki;1;12;92;634;4470
Kodrąb;3;22;152;1073;7505
Zatory;3;25;180;1261;8851
Jedlińsk;4;28;202;1406;9824
Tarnów Opolski;3;17;112;815;5695
Rzezawa;2;17;121;856;5982
Dąbrowa Tarnowska;4;26;166;1159;8100
Milejczyce;4;32;225;1563;10968
Drohiczyn;5;45;307;2122;14877
Grodzisk;5;42;306;2124;14848
Nurzec-Stacja;6;44;322;2236;15631
Mietków;2;16;118;837;5826
Sobótka;3;29;192;1349;9417
Pełczyce;6;46;302;2144;15026
Uścimów;3;22;152;1056;7379
Konopnica;4;19;131;935;6522
Głusk;0;0;0;0;0
Jastków;3;21;163;1118;7828
Wojciechów;2;15;115;802;5592
Borzytuchom;4;24;163;1174;8233
Bytów;7;42;306;2137;14982
Żytno;6;40;280;1975;13787
Sieradz;1;11;73;523;3658
Paprotnia;2;17;119;830;5819
Wiśniew;2;25;186;1295;9085
Skórzec;5;25;167;1188;8359
Suchożebry;2;21;147;1024;7159
Zbuczyn;7;43;311;2167;15106
Szczucin;2;25;171;1201;8435
Moszczenica;0;8;51;369;2571
Siemiatycze;10;63;436;3089;21582
Dąbrowa Białostocka;8;58;402;2816;19692
Janów;6;44;313;2197;15357
Osina;3;21;155;1086;7577
Wólka;1;14;103;738;5174
Łuków;1;10;53;369;2613
Krzywda;4;34;228;1627;11432
Lipce Reymontowskie;2;9;58;420;2947
Sierpc;0;5;28;196;1368
Szczutowo;4;25;165;1161;8152
Ceranów;3;23;161;1138;7975
Kosów Lacki;6;43;303;2077;14533
Dydnia;3;27;183;1271;8882
Sułoszowa;1;10;75;534;3720
Raczki;4;30;217;1539;10766
Bądkowo;2;16;119;844;5910
Aleksandrów Kujawski;3;27;201;1390;9732
Brodnica;0;3;33;226;1583
Bartniczka;3;21;124;891;6207
Jabłonowo Pomorskie;4;29;203;1429;9972
Gryfice;9;58;404;2845;19963
Kamień Pomorski;5;46;329;2301;16094
Chodel;3;22;157;1100;7704
Wilków;3;18;109;766;5356
Cedry Wielkie;3;29;194;1355;9471
Chmielno;1;17;121;840;5905
Czarnożyły;2;15;104;723;5065
Młodzieszyn;3;26;175;1222;8546
Rybno;2;14;102;729;5131
Wielka Wieś;1;9;70;491;3453
Dobra;4;22;149;1070;7493
Mszana Dolna;0;5;37;260;1830
Niedźwiedź;3;15;105;721;5042
Tymbark;1;5;42;306;2135
Kulesze Kościelne;2;26;171;1197;8369
Kobylin-Borzymy;4;25;182;1270;8887
Osielsko;3;22;156;1081;7580
Stare Czarnowo;4;32;230;1622;11335
Trzcińsko-Zdrój;4;35;251;1768;12419
Opalenica;3;31;219;1527;10716
Głogów;1;6;53;369;2578
Sępopol;8;54;386;2684;18782
Stargard;0;0;0;0;0
Dobrzyca;4;26;176;1209;8427
Giby;10;68;488;3460;24208
Płaska;10;79;569;3972;27803
Ustroń;1;11;79;568;3966
Białowieża;5;43;300;2115;14824
Krempna;5;39;280;1970;13799
Głubczyce;9;63;417;2912;20377
Branice;2;23;165;1184;8329
Czarny Dunajec;6;44;298;2086;14616
Uście Gorlickie;9;57;398;2782;19464
Mieroszów;4;16;109;765;5380
Radków;4;27;203;1413;9900
Piechowice;1;10;61;431;3005
Zaklików;5;38;288;2005;14022
Komprachcice;2;10;71;497;3494
Tułowice;1;15;116;813;5684
Włocławek;7;48;331;2311;16210
Alwernia;3;16;105;724;5083
Gozdnica;1;5;36;252;1753
Brusy;10;86;623;4342;30324
Kowale Oleckie;9;56;390;2714;19027
Krzykosy;3;22;169;1173;8209
Szemud;5;39;275;1930;13521
Władysławowo;1;8;67;455;3194
Złocieniec;10;60;433;3012;21076
Głogów Małopolski;3;29;201;1399;9768
Nowa Słupia;2;17;126;882;6176
Paszowice;4;19;141;1009;7040
Nieborów;4;21;156;1082;7588
Miastkowo;2;23;169;1214;8461
Śniadowo;4;36;246;1720;12003
Szumowo;5;30;208;1476;10345
Bolimów;2;23;163;1151;8090
Chrząstowice;1;15;117;812;5696
Człuchów;12;84;599;4162;29149
Wierzchowo;7;51;351;2447;17145
Lubawa;1;3;25;179;1281
Suchy Las;4;25;174;1226;8605
Słupia Konecka;2;20;149;1054;7355
Gowarczów;2;21;139;994;7001
Łopuszno;6;38;253;1769;12430
Lipnik;2;16;116;804;5629
Ćmielów;4;26;172;1192;8370
Brody;5;34;227;1618;11330
Pawłów;4;29;196;1360;9477
Łubnice;4;16;113;807;5663
Kunów;2;22;166;1170;8172
Godkowo;6;37;260;1806;12653
Ełk;13;89;637;4429;31009
Moskorzew;2;16;105;724;5088
Lidzbark Warmiński;12;89;619;4336;30343
Giżycko;9;69;491;3483;24373
Ryn;6;42;317;2198;15409
Gietrzwałd;4;36;268;1880;13195
Olecko;9;59;406;2832;19835
Biskupiec;12;65;442;3110;21782
Świętajno;7;44;331;2314;16175
Dąbrówno;4;35;253;1763;12315
Pasym;6;33;226;1593;11112
Stawiguda;8;51;344;2415;16887
Elbląg;2;16;121;859;6008
Banie Mazurskie;6;43;316;2214;15524
Iłowo-Osada;3;22;157;1093;7657
Oborniki;9;72;512;3599;25193
Kuślin;4;24;158;1103;7719
Ryczywół;5;32;233;1607;11230
Święciechowa;3;29;197;1394;9747
Kobyla Góra;4;25;188;1313;9194
Duszniki;6;34;235;1649;11547
Ostroróg;3;16;125;878;6140
Kaźmierz;4;25;187;1324;9261
Śrem;6;44;312;2161;15085
Strzałkowo;3;30;212;1492;10445
Kawęczyn;3;21;148;1026;7189
Brodnica;2;21;142;992;6938
Gołańcz;5;40;286;2023;14122
Nekla;3;20;142;1008;7048
Wągrowiec;12;84;585;4087;28653
Lipka;5;39;290;2056;14404
Złotów;10;70;479;3346;23428
Kiszkowo;3;24;168;1196;8374
Mycielin;3;22;165;1149;8073
Łęka Opatowska;4;16;112;777;5430
Żerków;5;37;252;1775;12426
Pogorzela;3;21;138;983;6873
Grodziec;2;25;177;1219;8507
Kobylin;3;21;164;1143;8021
Gierałtowice;0;7;51;378;2670
Pawonków;2;25;171;1201;8395
Łaziska Górne;1;5;29;202;1397
Lubliniec;3;17;126;875;6146
Ciasna;6;28;194;1334;9320
Ornontowice;1;3;21;146;1029
Jejkowice;0;3;11;73;495
Świerklany;0;4;37;254;1782
Kalety;1;14;108;733;5119
Wodzisław Śląski;2;10;71;482;3412
Czernichów;2;11;80;559;3927
Poręba;2;7;57;403;2793
Łodygowice;1;7;48;347;2413
Milówka;3;18;139;971;6774
Świnna;2;7;55;377;2669
Koszarawa;0;5;43;309;2152
Łękawica;2;9;61;431;2987
Łomianki;1;8;57;394;2761
Dzikowiec;4;25;171;1198;8388
Majdan Królewski;5;30;217;1526;10685
Jasło;0;0;0;0;0
Książ Wielki;3;27;194;1370;9598
Dąbrowa Biskupia;4;31;220;1521;10669
Siemień;4;24;160;1140;7965
Puławy;2;9;72;508;3565
Czemierniki;4;22;157;1094;7660
Kartuzy;6;44;321;2259;15852
Kościerzyna;0;3;25;177;1226
Lipusz;2;24;168;1175;8209
Radzanów;3;18;124;851;5915
Białobrzegi;2;18;113;783;5493
Promna;4;25;177;1227;8595
Stara Błotnica;4;19;140;979;6850
Wyśmierzyce;2;20;154;1071;7499
Regimin;3;24;164;1149;8043
Grudusk;4;20;145;1030;7244
Korczyna;3;17;132;913;6355
Legnica;1;11;81;572;3994
Niemcza;2;14;104;737;5130
Świeszyno;3;30;206;1445;10101
Myślibórz;9;71;504;3535;24763
Nowe Warpno;6;44;307;2149;15063
Kąkolewnica;4;28;214;1517;10614
Dęblin;1;8;60;398;2780
Ułęż;2;16;115;813;5706
Kosakowo;1;11;80;564;3948
Aleksandrów Łódzki;3;27;175;1214;8492
Brzeziny;0;4;31;221;1555
Brzeziny;4;33;218;1541;10804
Łaskarzew;4;16;126;901;6331
Trojanów;5;33;223;1553;10839
Rytro;1;9;57;411;2879
Trawniki;4;18;120;855;5956
Rybczewice;3;18;138;995;6954
Jarczów;3;20;153;1075;7544
Smołdzino;9;59;410;2879;20197
Słupsk;1;11;68;466;3247
Karniewo;3;25;187;1323;9240
Gostynin;1;9;49;343;2392
Grodzisk Mazowiecki;3;22;161;1121;7828
Belsk Duży;3;23;165;1101;7678
Białobrzegi;1;10;79;551;3857
Szaflary;2;12;80;536;3759
Trzyciąż;2;19;138;958;6698
Osiek;1;6;55;389;2725
Oświęcim;1;6;44;303;2116
Bytoń;1;15;109;771;5386
Marianowo;5;21;160;1112;7765
Suchań;4;29;206;1422;10012
Tyszowce;3;24;180;1241;8659
Nielisz;4;23;160;1130;7925
Osieczna;5;25;187;1284;9005
Skarszewy;4;38;261;1830;12847
Dobre;2;25;187;1287;8983
Warka;6;38;284;2027;14191
Kęty;2;13;110;744;5207
Tuchów;1;19;140;975;6855
Ciężkowice;3;22;143;1003;7036
Polanica-Zdrój;0;3;24;161;1118
Rogowo;3;31;211;1460;10192
Świdwin;9;56;391;2716;18998
Reda;1;7;49;359;2506
Gniewino;6;38;277;1927;13498
Wejherowo;1;6;39;258;1823
Rumia;1;7;50;332;2328
Wejherowo;6;45;305;2181;15287
Radzanów;4;22;146;1034;7244
Kazanów;3;19;138;945;6620
Zwoleń;4;32;233;1623;11370
Krzeszów;2;14;89;614;4307
Legnickie Pole;3;19;129;894;6243
Wałcz;19;142;989;6906;48325
Trzebiel;4;36;248;1730;12122
Piotrków Trybunalski;1;12;96;677;4738
Goworowo;7;48;334;2323;16249
Baranowo;6;44;298;2103;14662
Łyse;8;53;378;2648;18546
Strachówka;5;24;159;1123;7870
Marki;1;7;41;283;1972
Kobyłka;1;5;31;208;1454
Tłuszcz;3;21;150;1060;7406
Fredropol;5;31;220;1545;10827
Kańczuga;3;21;147;1050;7278
Wieprz;2;15;107;743;5188
Rudna;4;41;318;2207;15427
Lubicz;2;20;162;1116;7840
Czernikowo;6;37;260;1805;12612
Łubianka;2;18;130;901;6325
Obrowo;5;36;245;1718;11991
Leśna Podlaska;2;19;141;999;6994
Terespol;3;31;216;1487;10400
Kostrzyn nad Odrą;1;10;69;494;3467
Wąsewo;4;23;174;1214;8504
Wyszków;6;37;248;1736;12177
Wielopole Skrzyńskie;3;19;131;914;6382
Nowinka;6;47;314;2165;15169
Sztabin;10;79;554;3903;27310
Dębowa Łąka;2;18;132;925;6450
Baruchowo;4;22;160;1087;7615
Bytom;2;12;94;671;4709
Lubiszyn;6;44;305;2145;15030
Łowicz;1;4;32;237;1664
Bielawy;4;36;244;1704;11923
Zduny;4;29;189;1327;9274
Konstancin-Jeziorna;2;16;118;812;5683
Bulkowo;2;26;181;1231;8611
Gąbin;6;33;220;1545;10805
Warszawa;17;111;765;5358;37437
Baborów;3;24;169;1169;8178
Dobrzyniewo Duże;5;34;245;1706;11949
Oława;6;46;346;2422;16969
Łabiszyn;5;35;251;1768;12384
Gąsawa;3;28;203;1407;9859
Ruda Śląska;3;19;111;777;5442
Świętochłowice;0;2;20;135;916
Bestwina;2;8;52;375;2614
Chełm;8;46;313;2216;15504
Sawin;6;40;278;1913;13401
Hrubieszów;1;7;44;333;2335
Mircze;6;49;334;2368;16601
Pszczew;5;39;265;1871;13057
Reńska Wieś;3;20;134;966;6754
Stalowa Wola;3;18;120;822;5745
Zawady;3;24;169;1182;8271
Zabłudów;12;79;513;3573;24946
Rajgród;6;43;313;2193;15352
Świebodzice;0;6;43;306;2148
Włocławek;2;18;128;885;6170
Stolno;2;19;146;1021;7181
Cybinka;9;59;419;2922;20472
Nowe Miasto;4;24;179;1253;8729
Czerwińsk nad Wisłą;5;29;210;1473;10334
Raciąż;1;2;10;80;574
Piastów;0;1;9;55;384
Kamiennik;3;19;124;880;6158
Pakosławice;2;16;106;719;5031
Gorzyce;3;15;99;693;4851
Solina;7;35;252;1764;12369
Radziłów;5;41;294;2111;14808
Dubicze Cerkiewne;4;35;225;1584;11087
Kolno;9;76;512;3541;24751
Grabowo;5;29;190;1331;9332
Żarów;3;18;127;886;6217
Strumień;2;12;83;589;4086
Koniecpol;5;29;209;1465;10256
Krasnystaw;6;33;218;1527;10620
Świebodzin;7;45;338;2382;16672
Zbąszynek;3;21;143;1006;7029
Gorzkowice;3;19;142;1006;7056
Łęki Szlacheckie;4;22;156;1084;7598
Grabica;3;26;178;1263;8869
Wola Krzysztoporska;6;34;252;1746;12197
Wartkowice;4;33;209;1453;10190
Bochnia;1;5;42;279;1948
Kłomnice;4;30;213;1482;10372
Rędziny;1;8;62;419;2933
Białogard;1;5;38;267;1862
Lubartów;1;3;18;131;904
Kock;3;21;148;1030;7179
Sulechów;7;52;354;2453;17179
Uniejów;2;27;192;1352;9414
Pęczniew;5;27;190;1314;9175
Pułtusk;6;29;193;1375;9624
Iłża;7;52;366;2570;17983
Strzelce Opolskie;6;42;287;2018;14070
Izbicko;2;17;125;849;5957
Borzechów;4;13;98;692;4840
Bełżyce;4;29;191;1347;9400
Bychawa;5;32;214;1480;10380
Niemce;4;30;208;1452;10142
Iłowa;5;33;227;1585;11066
Trzebielino;6;50;353;2480;17406
Wielgomłyny;4;25;173;1215;8525
Biała Rawska;4;42;309;2149;15004
Domanice;1;10;74;498;3506
Kolonowskie;2;18;118;828;5804
Gorlice;1;3;25;193;1355
Lipinki;2;12;94;654;4582
Ropa;1;9;67;476;3351
Tuchomie;3;25;174;1221;8553
Czarne;8;54;359;2512;17565
Burzenin;3;26;176;1211;8463
Sieradz;6;34;269;1883;13156
Maków;3;17;123;874;6107
Brzozów;3;20;144;1006;7080
Krzeszowice;4;28;197;1373;9606
Skała;1;15;107;745;5219
Skawina;2;22;142;1003;7054
Szudziałowo;9;64;449;3172;22205
Szypliszki;6;35;240;1678;11765
Brodnica;5;27;193;1346;9462
Karnice;5;28;204;1430;10007
Rewal;1;10;63;453;3205
Trąbki Wielkie;4;36;252;1758;12309
Pruszcz Gdański;7;28;212;1510;10610
Cewice;6;40;290;2020;14157
Żelechlinek;4;21;138;938;6578
Tomaszów Mazowiecki;1;8;62;436;3027
Ujazd;4;23;144;993;6986
Rokietnica;1;11;77;547;3861
Chłopice;1;10;70;483;3420
Zabierzów;3;20;134;955;6691
Kołaki Kościelne;3;15;113;774;5423
Zbiczno;4;30;201;1386;9744
Białe Błota;4;27;184;1289;9028
Kowalewo Pomorskie;5;31;208;1476;10381
Mieszkowice;8;52;363;2558;17886
Moryń;4;29;189;1308;9156
Męcinka;4;31;217;1527;10646
Gołuchów;4;30;201;1404;9840
Miłki;5;38;265;1819;12744
Dzierżoniów;1;5;29;209;1470
Jastrzębie-Zdrój;3;16;119;833;5848
Gorzyce;2;14;93;648;4562
Zebrzydowice;1;7;54;402;2799
Cieszyn;1;6;42;300;2081
Lipsk;5;41;286;1976;13806
Komańcza;11;76;538;3775;26428
Głogówek;5;37;250;1724;12046
Czorsztyn;2;13;80;592;4115
Zawidów;0;1;9;65;465
Stronie Śląskie;4;32;207;1460;10260
Dąbrowa;5;26;165;1167;8142
Węgliniec;11;76;500;3482;24412
Czarnia;2;21;143;987;6934
Rzekuń;5;27;196;1370;9581
Grajewo;12;67;472;3284;22941
Grajewo;0;4;28;202;1387
Kobiór;1;10;67;471;3327
Środa Wielkopolska;6;45;307;2151;15080
Gdańsk;8;60;424;2932;20473
Świnoujście;6;45;315;2200;15367
Jastarnia;1;3;17;113;787
Sulejów;6;41;269;1896;13262
Zbójna;7;42;281;1975;13815
Lipnica;11;69;475;3346;23425
Pilica;5;29;202;1417;9915
Jutrosin;2;21;165;1152;8069
Piekary Śląskie;1;8;57;405;2846
Bejsce;1;11;82;570;4009
Chęciny;5;26;182;1285;9016
Bodzentyn;5;32;226;1601;11237
Baćkowice;3;20;137;945;6602
Kije;3;19;140;985;6926
Gronowo Elbląskie;4;19;140;969;6790
Staszów;6;47;324;2294;15971
Kalinowo;12;63;440;3072;21525
Jonkowo;5;36;256;1808;12635
Mrągowo;1;3;21;138;972
Kozłowo;9;56;388;2694;18856
Lipno;3;22;156;1086;7617
Szydłowo;8;58;408;2865;20009
Ostrzeszów;6;41;275;1917;13429
Czermin;4;21;145;993;6959
Dopiewo;3;23;163;1110;7757
Kostrzyn;6;34;228;1597;11192
Puszczykowo;1;3;24;161;1134
Rokietnica;3;16;116;822;5742
Zagórów;5;33;231;1624;11380
Szamotuły;5;43;268;1854;12963
Orchowo;3;21;147;1021;7138
Turek;1;4;23;170;1205
Przykona;3;23;160;1144;8026
Powidz;2;18;125;837;5856
Tarnówka;4;28;201;1416;9915
Złotów;0;2;13;88;612
Miłosław;4;29;199;1370;9570
Wolsztyn;7;49;366;2571;18020
Krzymów;3;22;136;959;6718
Chodów;3;16;115;809;5667
Czerniejewo;3;23;170;1165;8167
Łubowo;4;24;168;1184;8283
Trzemeszno;7;38;264;1839;12842
Koło;0;0;0;0;0
Okonek;10;70;498;3522;24651
Rudziniec;4;34;231;1601;11227
Sośnicowice;3;22;158;1135;7982
Opatów;2;14;105;742;5171
Rudnik;3;16;103;747;5209
Koziegłowy;5;31;231;1598;11167
Lyski;2;11;80;570;3934
Zbrosławice;5;31;214;1482;10382
Pszów;0;4;27;208;1419
Bieruń;1;7;55;405;2848
Lubomia;1;10;60;401;2838
Marklowice;1;3;19;136;955
Chełm Śląski;0;4;32;214;1488
Lipowa;1;12;82;558;3893
Żywiec;1;10;69;477;3346
Leszno;5;30;187;1296;9090
Stare Babice;2;13;92;665;4639
Grębków;4;26;191;1324;9277
Nowy Żmigród;2;21;149;1030;7234
Charsznica;2;15;112;794;5552
Łasin;5;32;213;1478;10367
Dygowo;4;29;204;1415;9912
Ustronie Morskie;1;12;88;617;4319
Sianów;6;53;352;2443;17190
Kazimierz Dolny;2;15;101;727;5093
Kurów;2;21;147;1026;7181
Sierakowice;6;42;284;2002;14002
Szadek;4;33;222;1549;10832
Wierzbno;4;20;150;1028;7215
Stromiec;5;33;230;1615;11274
Gołymin-Ośrodek;5;25;164;1154;8044
Glinojeck;5;32;227;1612;11291
Osiek Jasielski;2;12;80;564;3938
Iwonicz-Zdrój;3;10;62;435;3056
Tokarnia;1;13;100;679;4747
Sułkowice;3;13;87;600;4209
Łącko;4;28;187;1285;8969
Zagrodno;5;26;176;1229;8632
Złotniki Kujawskie;5;31;205;1436;10069
Borki;3;25;161;1122;7884
Kłoczew;5;31;208;1448;10106
Nowy Staw;4;26;179;1234;8615
Dmosin;4;20;149;1024;7152
Miastków Kościelny;3;19;129;890;6186
Narol;7;40;282;1999;14000
Nawojowa;1;10;69;488;3427
Nowy Targ;2;9;70;493;3452
Pyrzyce;6;43;305;2144;15054
Krynice;2;15;104;737;5161
Łaszczów;4;27;179;1257;8791
Tomaszów Lubelski;5;37;280;1944;13576
Starogard Gdański;1;7;37;271;1906
Osiek;4;34;248;1704;11927
Olszanka;3;18;128;908;6353
Różan;3;20;130;886;6236
Czerwonka;4;23;166;1144;8027
Pacyna;3;18;132;931;6534
Żabia Wola;4;22;154;1055;7413
Stary Dzików;6;32;222;1523;10638
Proszowice;2;21;147;1021;7145
Pałecznica;1;9;65;452;3190
Radziemice;3;12;82;574;4019
Janowice Wielkie;1;12;83;590;4100
Stara Kamienica;5;22;161;1112;7788
Osięciny;4;26;189;1288;9007
Dobre;1;15;106;739;5152
Chorzów;1;6;49;320;2251
Miączyn;5;32;225;1576;10982
Łabunie;2;17;125;881;6159
Lubichowo;5;38;246;1736;12109
Rzewnie;4;23;169;1189;8281
Nowe Miasto nad Pilicą;3;29;227;1623;11375
Pniewy;4;23;149;1056;7417
Grabów nad Pilicą;3;29;178;1254;8794
Brzeszcze;1;9;62;449;3176
Ryglice;3;22;164;1144;8034
Piotrków Kujawski;3;31;207;1452;10125
Topólka;4;21;150;1060;7433
Sławoborze;6;44;289;2035;14240
Rąbino;6;40;275;1938;13554
Adamów;3;22;159;1108;7740
Łęczyce;9;55;366;2577;18021
Stary Targ;4;30;227;1524;10658
Lipowiec Kościelny;4;25;177;1213;8509
Strzegowo;6;43;319;2239;15708
Szydłowo;4;27;184;1279;8917
Wieczfnia Kościelna;3;27;181;1269;8910
Leoncin;5;32;230;1615;11266
Magnuszew;5;30;208;1441;10102
Tuszów Narodowy;3;19;124;862;5994
Wietrzychowice;2;11;68;472;3343
Kunice;4;20;134;945;6645
Miłkowice;3;18;128;908;6353
Lubań;4;31;209;1451;10139
Lniano;3;18;132;930;6529
Przewóz;4;36;259;1832;12802
Lubsko;5;39;274;1915;13404
Tuplice;3;14;98;675;4725
Szlichtyngowa;4;21;144;1011;7092
Drużbice;5;23;169;1173;8148
Bełchatów;6;54;364;2518;17649
Brok;4;24;161;1122;7878
Rzeczniów;2;23;155;1066;7486
Żurawica;2;18;136;928;6535
Adamówka;3;28;187;1307;9191
Niepołomice;3;18;135;953;6684
Gdów;3;23;153;1078;7572
Gryfów Śląski;2;13;99;690;4840
Zławieś Wielka;6;40;268;1898;13292
Kęsowo;3;23;164;1164;8187
Aleksandrów;2;11;78;543;3771
Zarzecze;1;10;68;476;3349
Boguchwała;1;16;126;883;6179
Augustów;3;19;120;854;5979
Kowal;0;1;7;49;364
Dąbrowa Górnicza;4;36;265;1878;13181
Biłgoraj;10;60;420;2976;20850
Łukowa;4;29;211;1471;10329
Bobrowice;6;38;278;1922;13451
Bledzew;8;52;376;2625;18387
Przytoczna;6;42;282;1964;13728
Góra Świętej Małgorzaty;2;18;129;919;6435
Łęczyca;4;32;222;1561;10881
Kiernozia;2;16;112;773;5410
Góra Kalwaria;5;32;211;1487;10359
Piaseczno;4;28;192;1329;9318
Siedlce;1;6;44;298;2075
Tyrawa Wołoska;3;14;96;671;4692
Supraśl;6;41;286;1995;14018
Oleśnica;8;56;413;2863;20031
Syców;4;31;211;1480;10335
Gardeja;6;39;288;2025;14208
Ryjewo;2;22;157;1130;7963
Mysłowice;2;12;87;628;4379
Zabrze;2;17;115;795;5542
Dubienka;3;22;137;956;6673
Leśniowice;4;24;169;1178;8242
Żmudź;3;29;196;1372;9585
Tuszyn;3;28;191;1331;9291
Staroźreby;5;29;208;1452;10159
Stara Biała;2;25;166;1159;8118
Polska Cerekiew;2;11;83;568;3974
Strzyżów;4;27;194;1361;9525
Tykocin;7;46;310;2193;15342
Orla;6;33;240;1658;11595
Chocianów;6;46;325;2284;15926
Strzelin;5;32;246;1729;12079
Przeworno;4;24;162;1137;7955
Papowo Biskupie;3;16;104;739;5150
Czechowice-Dziedzice;2;14;92;643;4502
Porąbka;2;15;87;624;4411
Uchanie;4;24;175;1221;8503
Strzelce Krajeńskie;11;70;485;3377;23663
Działoszyn;3;24;175;1233;8637
Przasnysz;1;5;35;256;1802
Namysłów;10;59;426;2959;20668
Nowa Dęba;4;28;203;1423;9926
Czeremcha;3;24;141;998;6988
Świdnica;7;42;298;2096;14608
Trzebnica;6;41;291;2027;14224
Przyrów;1;15;115;799;5585
Gościeradów;5;34;228;1596;11198
Szczaniec;4;25;171;1200;8410
Krasne;3;21;155;1080;7568
Przasnysz;5;40;269;1909;13365
Pokrzywnica;3;25;180;1237;8652
Łubniany;3;23;181;1266;8888
Czchów;3;15;102;705;4917
Lipnica Murowana;1;11;83;583;4091
Stawiski;5;33;248;1729;12071
Turośl;7;44;297;2104;14737
Piątnica;7;47;326;2305;16145
Wizna;6;28;200;1394;9766
Czarny Bór;2;16;97;665;4669
Szczawno-Zdrój;1;3;20;144;1003
Brzeg Dolny;4;19;139;976;6810
Abramów;3;18;121;839;5867
Zabór;3;20;133;947;6622
Szprotawa;8;48;329;2337;16386
Dobryszyce;0;0;0;0;0
Masłowice;3;25;169;1189;8292
Kobiele Wielkie;3;22;144;1005;7033
Kamieńsk;2;20;145;1016;7117
Gózd;2;16;113;788;5521
Wierzbica;3;20;133;950;6634
Popielów;5;37;258;1783;12518
Chrzanów;3;15;111;787;5512
Trzebinia;2;22;151;1042;7295
Gręboszów;1;8;70;477;3353
Siemiatycze;2;8;51;371;2607
Karlino;4;32;222;1537;10742
Bierzwnik;7;52;373;2580;18075
Choszczno;7;53;380;2652;18496
Niegosławice;4;28;203;1409;9897
Kotuń;3;32;222;1575;11027
Łużna;1;11;80;544;3807
Gorlice;3;21;150;1030;7185
Sejny;0;1;4;40;272
Krasnopol;5;40;268;1877;13133
Stoszowice;4;23;159;1108;7735
Gromadka;10;59;396;2768;19420
Ludwin;4;25;173;1225;8612
Adamów;4;22;147;1015;7043
Rzeczenica;9;59;422;2951;20700
Złoczew;3;24;176;1228;8616
Kowiesy;3;18;118;853;6021
Nowy Kawęczyn;2;24;151;1075;7547
Wodynie;4;24;174;1191;8328
Ustrzyki Dolne;14;96;663;4657;32583
Jeleniewo;4;27;199;1396;9763
Wysokie Mazowieckie;0;3;20;153;1068
Waganiec;2;12;84;575;4047
Brzozie;2;19;141;981;6851
Dziwnów;3;9;57;413;2908
Golczewo;5;38;275;1939;13534
Stanin;5;35;240;1666;11662
Trzebieszów;4;29;206;1441;10119
Parczew;4;33;219;1519;10624
Pszczółki;2;12;78;544;3821
Przywidz;6;28;198;1410;9886
Lębork;0;3;30;206;1461
Wicko;7;49;347;2395;16772
Pątnów;3;25;169;1175;8233
Szydłowiec;5;29;192;1364;9577
Brzostek;4;25;166;1179;8285
Radymno;0;2;15;117;806
Wiązownica;7;50;340;2395;16745
Słomniki;3;24;156;1079;7553
Mszana Dolna;5;33;236;1669;11735
Suwałki;2;14;101;709;4965
Zambrów;0;4;27;183;1259
Łomża;2;6;48;329;2284
Sicienko;5;40;270;1911;13296
Nowy Tomyśl;5;36;276;1934;13535
Jawor;0;4;27;192;1366
Raba Wyżna;3;16;124;860;6026
Pieszyce;2;15;95;665;4629
Krosno;1;9;59;419;2926
Czarnków;0;2;14;93;644
Stargard;2;12;71;513;3589
Chocz;3;16;107;755;5278
Krzyżanowice;2;11;95;677;4703
Narewka;10;72;510;3540;24797
Paczków;2;19;113;793;5507
Lipnica Wielka;3;15;94;649;4569
Bogatynia;3;29;194;1363;9568
Mirsk;6;39;272;1894;13216
Leśna;2;22;155;1084;7579
Jaraczewo;3;27;192;1359;9516
Białystok;3;22;155;1089;7608
Prószków;3;25;169;1169;8182
Świlcza;3;23;156;1073;7551
Skierniewice;1;8;48;328;2286
Pieńsk;3;21;155;1098;7686
Jarocin;6;41;296;2076;14570
Gdynia;5;31;211;1476;10315
Iwierzyce;2;13;92;641;4483
Kościan;1;2;12;87;605
Kościan;9;45;333;2325;16266
Tworóg;2;24;168;1210;8459
Pierzchnica;3;23;150;1047;7340
Zduńska Wola;1;5;34;238;1679
Łomża;5;43;318;2214;15520
Ostrów Mazowiecka;6;63;419;2964;20771
Opole;5;31;220;1512;10562
Przechlewo;7;53;372;2627;18397
Mirosławiec;7;45;304;2140;14976
Górowo Iławeckie;13;95;655;4562;31939
Kramsk;4;28;195;1361;9505
Stare Miasto;2;19;142;996;6968
Ogrodzieniec;2;17;121;849;5925
Radzionków;1;3;18;138;971
Jędrzejów;8;47;320;2259;15848
Słupia (Jędrzejowska);4;23;157;1085;7620
Kazimierza Wielka;4;27;198;1390;9736
Smyków;1;12;91;632;4405
Sitkówka-Nowiny;1;9;64;445;3101
Ostrowiec Świętokrzyski;2;8;66;462;3235
Sadowie;2;15;116;809;5670
Łączna;1;13;86;593;4179
Bliżyn;4;29;208;1429;10013
Tolkmicko;9;47;322;2246;15730
Markusy;3;26;168;1163;8147
Srokowo;6;43;307;2142;14953
Wieliczki;3;32;220;1535;10735
Nowe Miasto Lubawskie;4;28;205;1462;10277
Dobre Miasto;9;58;395;2787;19512
Mrągowo;11;73;489;3434;23990
Mikołajki;6;53;386;2725;19077
Budry;5;41;275;1921;13403
Morąg;11;69;472;3299;23111
Małdyty;6;43;293;2065;14419
Dubeninki;5;46;318;2218;15515
Dźwierzuty;8;59;408;2843;19895
Jedwabno;8;63;468;3265;22879
Szczytno;0;1;12;81;566
Wilczęta;4;32;224;1586;11163
Wieleń;14;92;648;4541;31742
Trzcianka;12;81;569;3982;27881
Ostrów Wielkopolski;0;0;0;0;0
Kraszewice;2;14;110;766;5351
Mikstat;2;17;123;882;6141
Stęszew;6;38;259;1816;12702
Luboń;0;2;21;145;1012
Wronki;11;64;456;3204;22470
Buk;3;20;132;946;6602
Obrzycko;0;0;4;32;224
Ostrowite;3;20;152;1088;7640
Słupca;4;31;218;1530;10690
Turek;5;30;210;1466;10262
Słupca;1;3;14;92;644
Brudzew;4;25;168;1157;8073
Książ Wielkopolski;3;28;214;1506;10552
Lądek;3;20;150;1039;7288
Kotlin;2;18;126;887;6155
Gniezno;1;9;63;436;3022
Kleczew;3;23;159;1114;7811
Perzów;2;16;107;763;5352
Kępno;3;25;178;1260;8783
Granowo;2;15;106;723;5086
Sosnowiec;4;20;129;907;6345
Czempiń;3;30;206;1456;10178
Koszęcin;4;29;191;1316;9216
Wręczyca Wielka;5;34;218;1517;10621
Mikołów;3;14;111;780;5450
Toszek;4;20;144;997;6969
Gaszowice;1;4;29;196;1384
Pszczyna;4;37;242;1708;11951
Miedźna;2;9;73;502;3534
Nędza;2;12;78;540;3808
Ożarowice;1;9;68;466;3236
Radlin;1;2;17;125;861
Łazy;4;27;184;1298;9082
Węgierska Górka;2;13;102;745;5225
Kroczyce;4;25;163;1124;7894
Izabelin;2;13;98;684;4785
Ożarów Mazowiecki;1;13;106;727;5104
Liw;0;0;0;0;0
Brzyska;2;9;67;449;3084
Kołaczyce;2;13;85;599;4193
Słaboszów;4;17;110;754;5274
Rogóźno;5;26;182;1290;9000
Karsin;5;37;257;1825;12796
Malbork;1;4;26;181;1262
Ostrówek;3;18;144;1004;7056
Wieluń;5;28;186;1298;9092
Czastary;2;13;91;639;4491
Ojrzeń;4;26;181;1253;8750
Chełmiec;2;20;152;1076;7521
Korzenna;3;20;151;1035;7239
Dzierżoniów;4;28;199;1413;9933
Skępe;5;37;271;1888;13239
Chrostkowo;2;15;108;777;5409
Polanów;14;86;614;4299;30081
Dębno;11;71;495;3419;23871
Kołbaskowo;3;22;161;1145;8025
Komarówka Podlaska;3;29;199;1400;9769
Malbork;2;24;157;1094;7693
Parzęczew;3;24;153;1069;7484
Ozorków;0;3;20;155;1098
Garwolin;4;38;269;1865;13070
Parysów;3;14;94;658;4596
Grodzisko Dolne;3;15;108;762;5345
Lubaczów;2;6;37;247;1720
Jemielno;4;26;179;1279;8990
Sławno;12;74;493;3486;24399
Darłowo;0;4;31;212;1478
Tarnawatka;2;17;116;809;5652
Susiec;4;38;264;1854;12980
Telatyn;3;23;157;1091;7642
Kępice;9;66;456;3191;22291
Stara Kornica;4;25;177;1242;8723
Maków Mazowiecki;0;3;18;118;823
Płoniawy-Bramura;3;28;206;1439;10062
Baranów;2;16;115;796;5556
Jaktorów;1;12;79;549;3860
Chynów;4;30;200;1398;9801
Rabka-Zdrój;2;16;100;689;4795
Mysłakowice;3;16;126;897;6293
Barwice;9;55;398;2792;19593
Hańsk;5;38;263;1817;12688
Stary Brus;2;25;190;1339;9364
Smętowo Graniczne;3;20;127;914;6397
Tczew;0;4;33;241;1692
Cegłów;3;20;141;969;6817
Dębe Wielkie;3;19;113;800;5536
Jakubów;3;20;133;920;6441
Mińsk Mazowiecki;4;25;203;1412;9854
Siennica;3;23;161;1145;8006
Czermin;2;18;112;789;5514
Pleśna;3;17;116;807;5636
Lisia Góra;2;18;140;971;6825
Kcynia;9;64;450;3136;21931
Nakło nad Notecią;6;40;289;2004;14061
Rypin;5;33;234;1621;11331
Skrwilno;5;26;184;1309;9181
Świdwin;1;3;32;235;1654
Brzeżno;3;23;170;1212;8438
Wałcz;1;8;55;382;2655
Komarów-Osada;5;27;180;1240;8693
Stary Dzierzgoń;5;41;286;1997;13990
Pomiechówek;2;23;158;1104;7735
Policzna;4;23;166;1162;8133
Ciepielów;4;29;199;1399;9779
Ulanów;2;22;170;1195;8330
Zakliczyn;4;23;169;1187;8303
Szerzyny;3;15;115;796;5570
Poronin;3;17;116;811;5676
Chojnów;0;1;5;47;320
Krotoszyce;1;16;93;657;4606
Osie;7;48;321;2247;15702
Łobez;7;52;353;2460;17225
Bełchatów;1;7;52;345;2406
Szczerców;3;29;185;1306;9153
Ząbki;1;2;17;112;788
Dąbrówka;3;21;155;1105;7756
Klembów;2;20;123;883;6161
Wołomin;2;12;88;619;4345
Bircza;8;52;357;2481;17385
Gać;2;7;51;367;2604
Brzeźnica;3;13;92;623;4355
Siekierczyn;2;10;72;497;3488
Lubin;11;81;534;3775;26442
Ścinawa;5;34;247;1685;11791
Wielka Nieszawka;8;50;335;2322;16263
Konstantynów;3;20;131;908;6341
Wschowa;5;42;292;2050;14337
Deszczno;6;38;253;1782;12442
Krzyżanów;4;24;151;1067;7447
Łask;5;32;211;1483;10361
Łęczyca;0;1;10;82;594
Szulborze Wielkie;1;10;69;490;3456
Brańszczyk;5;33;248;1750;12244
Rząśnik;5;36;252;1745;12192
Długosiodło;5;37;250;1746;12216
Zabrodzie;3;19;134;931;6505
Lutocin;3;25;189;1318;9236
Ropczyce;5;28;194;1363;9570
Nowy Sącz;2;13;81;565;3928
Oleśnica;0;4;35;223;1568
Dobroszyce;4;28;195;1359;9548
Wąbrzeźno;0;3;14;89;616
Fabianki;0;0;0;0;0
Bogdaniec;3;25;167;1167;8143
Kocierzew Południowy;3;19;139;951;6627
Tarczyn;2;22;163;1162;8125
Bielsk;4;28;188;1284;9010
Czarna Białostocka;6;45;319;2228;15576
Gródek;13;94;651;4518;31583
Wasilków;5;28;185;1303;9133
Suraż;2;17;113;802;5622
Jaworze;1;4;27;197;1380
Białopole;2;22;148;1043;7316
Wojsławice;4;20;151;1064;7446
Kożuchów;4;40;261;1853;12935
Żarnów;4;27;203;1418;9907
Drobin;3;30;209;1495;10441
Dzierzążnia;4;22;154;1062;7448
Naruszewo;4;34;234;1658;11630
Radomyśl nad Sanem;3;31;191;1328;9318
Brańsk;1;6;46;321;2249
Boćki;7;51;349;2442;17043
Wilkowice;1;7;48;345;2418
Batorz;2;13;98;699;4870
Janów Lubelski;3;35;253;1754;12305
Potok Wielki;2;22;143;1008;7062
Rzepin;7;44;296;2032;14183
Sulmierzyce;1;14;118;833;5800
Kiełczygłów;3;20;126;885;6147
Pajęczno;3;26;164;1160;8128
Nowa Brzeźnica;5;27;195;1362;9579
Sochocin;3;25;183;1279;8931
Baboszewo;5;35;243;1697;11876
Nadarzyn;3;17;107;747;5223
Michałowice;0;7;53;359;2503
Baligród;4;30;219;1542;10788
Szczuczyn;4;25;167;1211;8527
Kolno;1;7;38;273;1889
Strzegom;3;29;213;1486;10409
Izbica;4;28;196;1387;9686
Łopiennik Górny;3;22;155;1076;7575
Lubniewice;4;25;192;1345;9445
Lubrza;3;26;177;1244;8709
Niemodlin;6;36;258;1820;12735
Drwinia;4;24;151;1059;7447
Żmigród;8;61;416;2928;20462
Wińsko;8;50;361;2564;17936
Świdnica;5;37;236;1652;11548
Radomsko;1;11;72;504;3536
Ładzice;2;16;120;836;5861
Pionki;7;48;333;2357;16493
Trzciana;1;7;61;430;2996
Żegocina;1;7;48;340;2408
Libiąż;1;11;77;555;3912
Goniądz;13;83;576;4013;28062
Krypno;3;23;166;1180;8257
Dziadkowice;5;25;173;1196;8420
Garbów;3;20;150;1051;7384
Żagań;1;9;57;402;2817
Parchowo;4;31;210;1442;10127
Miastko;15;103;719;5043;35266
Sadkowice;5;25;174;1226;8587
Przesmyki;3;25;175;1206;8429
Radgoszcz;3;17;123;860;6021
Ząbkowice Śląskie;5;30;211;1466;10242
Przybiernów;8;52;360;2490;17424
Kalisz Pomorski;12;106;736;5136;35952
Puchaczów;4;19;129;903;6276
Stoczek Łukowski;5;41;279;1970;13786
Koczała;6;47;344;2414;16878
Sierpc;5;32;221;1565;10997
Rościszewo;3;24;171;1204;8418
Repki;6;36;252;1756;12249
Jabłonna Lacka;6;30;220;1547;10813
Brzeg;0;2;18;126;888
Czernichów;2;18;118;843;5924
Kocmyrzów-Luborzyca;4;16;114;800;5611
Mogilany;0;8;60;405;2867
Bakałarzewo;3;26;185;1328;9316
Przerośl;5;27;188;1342;9390
Wiżajny;3;25;174;1215;8512
Sokoły;4;35;234;1639;11487
Koneck;3;13;99;696;4873
Świedziebnia;3;23;158;1086;7622
Osiek;2;16;112;792;5569
Międzyzdroje;5;26;183;1261;8831
Poniatowa;3;19;128;871;6095
Łaziska;3;21;157;1101;7751
Karczmiska;3;18;137;967;6758
Opole Lubelskie;5;38;271;1915;13433
Somonino;3;26;173;1215;8467
Przodkowo;3;19;135;939;6547
Biała;2;15;106;750;5243
Jastrząb;1;10;79;544;3794
Żyraków;3;22;154;1086;7627
Świątniki Górne;1;3;30;206;1430
Limanowa;4;33;208;1480;10372
Wysokie Mazowieckie;6;42;292;2073;14479
Dobrcz;4;28;197;1383;9691
Golub-Dobrzyń;0;2;13;95;658
Banie;5;45;317;2217;15540
Byczyna;4;38;263;1850;12966
Rakoniewice;8;47;305;2127;14869
Wołczyn;7;46;344;2405;16823
Chojnice;1;6;32;217;1531
Głogów;0;0;0;0;0
Barciany;10;65;450;3168;22195
Ujsoły;3;23;154;1063;7445
Kleszczele;3;29;207;1461;10242
Zawoja;4;26;178;1254;8768
Łapsze Niżne;3;25;176;1221;8611
Jelenia Góra;4;24;157;1105;7768
Głuszyca;2;13;93;623;4357
Stopnica;0;0;0;0;0
Choceń;4;22;150;1045;7343
Sitno;3;22;154;1084;7615
Spytkowice;1;10;71;513;3571
Radzymin;2;26;196;1386;9690
Krasnosielc;5;38;259;1773;12356
Ostrołęka;1;8;50;348;2446
Rymanów;5;34;231;1619;11336
Jaśliska;4;32;232;1616;11320
Chojnice;15;103;709;4954;34699
Szczecin;9;68;464;3228;22644
Krynica Morska;3;26;183;1289;9029
Koluszki;5;31;222;1572;11055
Rzeszów;4;27;179;1244;8707
Wielbark;12;75;530;3700;25899
Pacanów;4;25;180;1247;8739
Lubawka;6;31;194;1372;9611
Zambrów;10;76;502;3517;24611
Konarzyny;4;25;166;1139;7986
Kalisz;3;15;101;706;4930
Opatowiec;1;16;99;691;4823
Pakosław;3;18;114;782;5497
Rawicz;3;26;199;1378;9635
Bobrowniki;2;11;77;525;3643
Wodzisław;5;38;253;1759;12319
Czarnocin;2;13;97;676;4705
Piekoszów;2;20;148;1042;7286
Połaniec;1;15;111;752;5274
Koprzywnica;0;12;103;685;4764
Dwikozy;3;17;122;850;5943
Zawichost;2;16;115;805;5607
Elbląg;5;41;292;2085;14609
Włoszczowa;7;51;357;2474;17393
Lidzbark Warmiński;0;4;24;161;1122
Kisielice;5;36;256;1820;12754
Nidzica;11;79;571;3990;27886
Kolno;4;39;276;1934;13494
Janowiec Kościelny;5;30;204;1445;10083
Rozogi;7;49;341;2362;16524
Orzysz;12;77;549;3852;26995
Miłomłyn;6;36;241;1713;11976
Świętajno;8;60;422;2975;20791
Świątki;4;35;244;1716;12055
Budzyń;5;45;313;2192;15321
Lubasz;5;35;251;1774;12399
Sieroszewice;6;36;243;1669;11659
Grabów nad Prosną;3;26;181;1250;8727
Pniewy;4;34;242;1716;11983
Murowana Goślina;5;38;256;1805;12676
Czerwonak;2;17;128;863;6018
Komorniki;2;13;98;701;4906
Kórnik;7;42;279;1951;13620
Bojanowo;3;25;180;1248;8765
Malanów;2;22;151;1056;7407
Dobra;6;28;192;1354;9491
Władysławów;3;19;136;940;6614
Gostyń;5;30;202;1417;9929
Blizanów;4;33;232;1622;11361
Żelazków;4;23;166;1181;8278
Bralin;2;17;123;855;5973
Skulsk;4;19;126;889;6207
Krotoszyn;8;58;376;2625;18409
Lipie;3;19;139;969;6770
Woźniki;4;26;180;1278;8970
Knurów;1;8;46;330;2308
Wyry;1;7;47;337;2383
Suszec;3;16;105;745;5216
Myszków;3;16;102;734;5108
Poraj;1;13;83;574;4035
Krupski Młyn;1;8;61;419;2936
Niegowa;2;16;125;885;6192
Węgrów;2;7;52;366;2582
Kolbuszowa;6;32;242;1687;11799
Niwiska;3;21;134;924;6466
Jasło;1;8;50;344;2405
Dębowiec;2;17;121;851;5948
Miechów;3;28;204;1459;10228
Lubień;1;15;105;724;5062
Myślenice;5;31;216;1519;10602
Zbójno;2;17;123;860;6027
Inowrocław;1;6;44;323;2276
Widuchowa;7;47;318;2226;15589
Bobolice;12;82;572;3977;27819
Podedwórze;4;25;156;1083;7591
Krościenko Wyżne;1;5;24;163;1143
Barlinek;7;55;392;2745;19194
Radzyń Podlaski;4;34;226;1603;11213
Nowy Dwór Gdański;7;47;328;2324;16265
Puck;0;1;5;34;235
Puck;7;53;376;2630;18406
Stryków;5;33;231;1634;11451
Łaskarzew;0;4;20;132;925
Górzno;2;18;128;901;6272
Wilga;3;23;172;1218;8531
Leżajsk;1;4;28;198;1368
Jerzmanowa;2;14;94;665;4639
Góra;10;57;387;2705;18884
Bielice;3;21;135;940;6579
Warnice;3;20;139;969;6775
Postomino;6;52;361;2496;17494
Damnica;6;38;268;1829;12796
Słupsk;8;57;406;2825;19865
Skórcz;0;1;5;40;268
Skórcz;3;21;145;1024;7215
Szczawin Kościelny;3;27;190;1320;9248
Nowy Targ;6;43;288;2033;14221
Bolesław;2;9;57;384;2701
Jordanów;0;0;0;0;0
Marciszów;3;14;115;803;5622
Dąbrowa;3;21;163;1145;8040
Radziejów;4;20;149;1058;7488
Dolice;7;50;358;2507;17581
Szczecinek;2;9;73;518;3635
Biały Bór;10;60;420;2933;20546
Wola Uhruska;3;30;215;1512;10552
Gniew;6;42;298;2098;14643
Morzeszczyn;2;20;141;993;6946
Jasieniec;4;24;161;1102;7740
Mogielnica;4;29;207;1430;10029
Kozienice;7;54;358;2500;17501
Mielec;0;0;0;0;0
Borowa;3;11;76;543;3821
Padew Narodowa;1;14;100;705;4967
Oświęcim;2;15;108;728;5120
Radłów;3;15;120;843;5904
Nowa Ruda;2;10;53;360;2497
Rypin;0;2;17;117;810
Krasnobród;5;27;179;1262;8817
Grabowiec;4;26;185;1284;8997
Luzino;3;24;173;1208;8457
Dzierzgowo;5;34;231;1594;11191
Nowy Dwór Mazowiecki;2;6;36;263;1858
Czosnów;4;27;191;1337;9330
Tczów;2;15;102;723;5070
Jabłonna;1;15;97;685;4794
Tarnów;0;0;0;0;0
Prochowice;2;19;150;1024;7168
Sośno;3;34;251;1757;12285
Sępólno Krajeńskie;8;50;350;2449;17143
Jeżewo;4;31;234;1639;11477
Koszalin;3;21;157;1100;7725
Jasień;3;26;182;1308;9151
Poświętne;3;21;156;1069;7476
Krasiczyn;3;23;173;1208;8452
Przeworsk;1;5;31;224;1578
Stryszów;1;9;61;450;3144
Lubin;1;10;57;400;2804
Wleń;2;18;125;878;6123
Świecie;4;38;268;1886;13119
Chełmża;5;41;292;2049;14330
Łomazy;6;43;290;2023;14132
Łanięta;2;11;77;560;3886
Strzelce;3;20;133;928;6517
Widawa;7;38;263;1834;12825
Sędziejowice;3;23;170;1202;8415
Wodzierady;1;15;116;819;5755
Piątek;5;29;198;1386;9681
Grabów;7;36;236;1641;11508
Nur;3;21;144;1006;7091
Karczew;2;16;117;826;5792
Żuromin;4;29;199;1392;9705
Dynów;1;5;37;243;1697
Błażowa;4;21;155;1107;7712
Kłaj;2;13;90;642;4482
Augustów;7;56;408;2858;19984
Książki;3;19;130;910;6359
Płużnica;4;28;182;1275;8917
Brześć Kujawski;5;34;227;1588;11088
Potok Górny;4;23;152;1077;7601
Dąbie;4;36;257;1790;12553
Krosno Odrzańskie;7;44;308;2185;15302
Żyrardów;1;3;21;136;968
Radom;4;23;168;1161;8115
Kamień;3;15;101;693;4849
Twardogóra;4;33;244;1698;11915
Prabuty;7;43;304;2133;14921
Domaniów;3;19;133;907;6348
Oława;0;5;38;263;1846
Izbica Kujawska;6;28;193;1357;9516
Jaworzno;4;32;219;1519;10655
Szczyrk;2;8;56;392;2750
Kamień;3;18;137;966;6767
Rejowiec Fabryczny;3;15;124;872;6145
Horodło;4;28;188;1313;9188
Trzciel;4;38;266;1855;13029
Kolsko;3;15;119;850;5905
Nowa Sól;4;36;266;1816;12769
Poświętne;5;29;209;1454;10132
Słubice;3;19;138;977;6854
Bierawa;3;25;172;1206;8418
Krapkowice;4;21;143;971;6792
Domaszowice;4;27;162;1147;8015
Zagórz;5;32;221;1535;10755
Pysznica;4;30;208;1479;10297
Brańsk;7;51;349;2444;17114
Wyszki;8;44;312;2163;15179
Wąsosz;3;26;187;1280;8944
Grębocice;4;26;175;1251;8783
Gaworzyce;2;13;107;785;5531
Chełmno;0;0;0;0;0
Kozy;1;6;38;264;1848
Mierzęcice;1;9;68;470;3279
Siewierz;3;27;161;1139;7999
Górzyca;4;30;219;1548;10845
Konstantynów Łódzki;0;6;40;284;2016
Płońsk;0;3;16;121;847
Baranów Sandomierski;4;26;171;1206;8441
Grębów;6;38;263;1833;12868
Olszanica;3;21;131;914;6413
Chybie;1;6;43;301;2111
Dzierzkowice;3;18;129;904;6317
Trzydnik Duży;4;20;149;1047;7345
Ręczno;2;18;123;882;6189
Czernice Borowe;4;27;185;1284;8985
Krzynowłoga Mała;6;38;279;1934;13542
Gorzów Śląski;5;32;218;1527;10696
Walim;2;17;111;782;5494
Stare Bogaczowice;1;19;126;886;6255
Mstów;4;23;164;1186;8319
Kruszyna;3;20;136;951;6658
Konopiska;3;15;112;785;5428
Poczesna;1;12;86;602;4221
Lubartów;0;0;0;0;0
Trzebiechów;3;15;122;836;5869
Żagań;7;58;414;2895;20231
Gidle;5;27;171;1185;8312
Pionki;1;4;29;183;1278
Trzcianne;8;72;496;3482;24398
Czernica;1;17;120;841;5913
Kąty Wrocławskie;5;35;251;1796;12573
Siechnice;2;18;145;1012;7045
Żórawina;4;23;166;1198;8418
Ciepłowody;1;17;109;776;5484
Białogard;15;82;583;4114;28778
Tychowo;10;78;544;3822;26659
Krzczonów;3;28;182;1278;8961
Zakrzew;1;14;107;740;5205
Brzeźnica;4;25;181;1256;8799
Goszczanów;4;26;179;1264;8846
Mokobody;4;25;178;1239;8683
Lubsza;6;46;305;2157;15098
Olszanka;2;19;137;942;6605
Olesno;2;17;113;782;5482
Ziębice;7;44;312;2196;15396
Kamieniec Ząbkowicki;2;20;141;992;6940
Aleksandrów Kujawski;0;2;10;70;498
Maszewo;5;47;334;2334;16336
Wysokie;4;24;164;1125;7823
Łęczna;2;16;110;766;5360
Człuchów;1;2;21;135;954
Mochowo;6;33;220;1518;10618
Domaradz;2;11;79;577;4055
Haczów;2;14;98;713;4975
Czarna;5;30;212;1482;10384
Zielonki;1;9;67;466;3266
Filipów;5;34;233;1629;11380
Brojce;4;26;180;1284;8996
Trzebiatów;8;52;351;2459;17183
Jabłoń;3;23;158;1104;7744
Kolbudy;1;20;132;923;6468
Suchy Dąb;2;17;129;903;6335
Osjaków;3;21;149;1041;7317
Mokrsko;2;15;112;793;5504
Nowa Sucha;4;22;134;943;6544
Brochów;4;25;176;1221;8541
Jarosław;2;8;48;333;2327
Pawłosiów;1;10;65;456;3210
Laskowa;2;15;99;709;4923
Czyżew;4;28;187;1326;9285
Szepietowo;5;34;232;1592;11170
Nowa Wieś Wielka;4;28;228;1577;10982
Golub-Dobrzyń;8;46;319;2243;15725
Wielichowo;3;23;157;1107;7792
Kluczbork;7;47;316;2215;15490
Zalewo;7;52;385;2689;18852
Oporów;2;14;98;694;4839
Pęcław;3;14;92;643;4520
Mściwojów;2;13;103;716;4995
Wydminy;8;52;355;2503;17535
Siedliszcze;4;32;224;1570;10965
Jeleśnia;6;35;241;1681;11718
Nowy Dwór;4;26;187;1303;9124
Prudnik;3;26;173;1223;8580
Lubrza;3;16;119;841;5869
Otmuchów;4;37;273;1911;13372
Głuchołazy;6;36;244;1685;11773
Bukowina Tatrzańska;3;25;184;1288;8966
Muszyna;3;29;194;1368;9529
Modliborzyce;5;30;219;1513;10594
Rejowiec;2;24;157;1081;7559
Sulików;3;19;137;962;6764
Platerówka;1;10;69;482;3361
Kudowa-Zdrój;0;8;49;334;2340
Radoszyce;5;31;210;1457;10223
Opatówek;3;23;154;1076;7507
Nieporęt;4;18;137;977;6854
Żory;1;15;93;650;4550
Gołdap;11;81;562;3943;27613
Goleniów;13;95;674;4738;33181
Łeba;1;4;23;172;1192
Andrespol;1;5;38;256;1773
Drawsko Pomorskie;13;88;633;4441;31041
Kowary;1;6;55;375;2619
Lutomiersk;4;26;195;1366;9581
Mniszków;4;25;179;1256;8782
Nowogród;4;22;153;1056;7412
Stary Lubotyń;4;23;166;1146;8033
Nowe Skalmierzyce;4;27;183;1293;9047
Czersk;12;85;584;4098;28679
Ostróda;12;93;657;4582;32060
